Parent,Reference,SiO2 ,Al2O3 ,MgO ,CaO ,Na2O ,K2O ,TiO2 ,P2O5 ,MnO ,FeO *,K2O+Na2O,Cr2O3 
10044,104,42.01,11.67,6.25,12.18,0.48,0.11,8.81,0.08,0.24,17.98,0.59,0.248
10057,107,41.4,7.85,7.4,10.4,0.54,0.33,10.59,,0.23,19.1,0.87,0.35
10059,107,42.4,12.55,8.1,11.5,0.51,0.19,8.3,,0.22,16.4,0.7,0.32
10044,68,42.89,10.49,5.98,12.4,0.38,0.11,8.47,0.12,0.28,18.46,0.49,0.18
10047,68,41.6,10.27,5.99,12.16,0.44,0.1,10.02,0.11,0.3,19.09,0.54,0.22
10058,68,42.18,10.45,5.91,12.28,0.39,0.11,9.37,0.13,0.3,18.96,0.5,0.2
10050,68,39.25,9.64,7.86,11.28,0.36,0.08,11.79,0.08,0.3,19.29,0.44,0.35
10050,68,40.62,10.87,7.82,12.65,0.35,0.06,9.61,0.07,0.26,16.51,0.41,0.36
10003,68,39.53,10.44,7.1,10.8,0.39,0.06,10.67,0.14,0.29,20.51,0.45,0.23
10029,68,38.59,10.24,6.45,10.3,0.42,0.08,11.1,0.21,0.3,21.71,0.5,0.23
10062,68,40.21,10.82,7.01,11.57,0.43,0.08,10.34,0.14,0.28,19.08,0.51,0.26
10020,68,40.8,10.31,7,11.99,0.38,0.07,10.35,0.12,0.27,18.79,0.45,0.3
10092,68,38.85,9.44,8.52,10.99,0.34,0.06,10.87,0.07,0.3,19.35,0.4,0.43
10071,68,40.51,7.91,8.51,10.48,0.53,0.3,11.87,0.22,0.25,19.65,0.83,0.35
10057,112,40.22,7.56,6.97,11.75,0.404,0.242,10.84,,0.232,18.01,0.646518534,0.316
10017,112,41.94,8.31,7.96,11.47,0.468,0.248,11.68,,0.191,18.78,0.716,0.338
10044,112,43.01,11.9,6.47,7.14,0.483,0.104,10.51,,0.258,17.11,0.58617181,0.19
10018,112,41.94,11.53,8.29,11.61,0.528,0.159,9.18,,0.136,17.75,0.687414806,0.278
10060,112,42.36,11.72,7.63,11.61,0.485,0.16,7.67,,0.173,17.75,0.645484134,0.266
10017,114,42.79,7.94,7.96,,0.493,0.172,,,0.236,21.87,0.665618034,0.358
10017,114,44.5,7.56,7.63,10.63,0.503,0.265,13.01,,0.248,23.29,0.767808351,0.396
10044,114,41.99,8.69,6.8,11.75,0.368,0.11,9.84,,0.305,20.46,0.477616751,0.229
10044,114,41.51,11.34,5.8,12.45,0.493,0.128,9.51,,0.266,18.53,0.621047701,0.174
10045,114,42.58,10.01,8.46,11.61,0.349,0.055,11.51,,0.25,20.58,0.404537907,0.399
10045,114,44.08,10.2,9.78,11.61,0.348,0.069,12.01,,0.27,21.23,0.416440569,0.468
10047,114,44.5,7.37,6.8,13.57,0.349,0.082,10.84,,0.353,21.87,0.431039185,0.265
10047,114,46,11.15,4.81,12.59,0.489,0.06,9.51,,0.291,19.81,0.549545969,0.202
10050,114,42.15,10.39,7.3,11.19,0.395,0.048,12.85,,0.305,20.07,0.443141516,0.352
10050,114,43.65,10.77,6.97,,0.41,0.059,,,0.278,19.04,0.468810699,0.326
10019,114,41.08,12.66,8.79,,0.468,0.107,,,0.222,17.11,0.57495787,0.308
10019,114,43.59,13.23,7.13,12.45,0.46,0.13,8.84,,0.247,16.6,0.589757474,0.291
10059,114,41.51,12.85,7.3,12.31,0.453,0.148,8.17,,0.213,18.14,0.601086641,0.33
10059,114,43.22,13.04,7.3,13.43,0.479,0.175,8.68,,0.218,18.4,0.65319949,0.342
10017,113,40.78,8.12,7.65,10.55,0.51,0.3,11.71,0.13,0.22,19.82,0.81,0.36
10017,113,40.77,7.92,7.74,10.58,0.51,0.29,11.82,0.18,0.22,19.89,0.8,0.33
10020,113,39.92,10.04,7.81,11.24,0.37,0.05,10.72,0.08,0.24,19.35,0.42,0.4
10020,113,39.95,10.19,7.87,11.31,0.39,0.05,10.52,0.07,0.27,19.14,0.44,0.38
10072,113,40.2,7.78,8.06,10.27,0.52,0.29,12.28,0.18,0.22,19.77,0.81,0.36
10072,113,40.53,8.52,7.68,10.42,0.54,0.27,11.74,0.14,0.24,19.76,0.81,0.35
10017,113,40.78,8.12,7.65,10.55,0.51,0.3,11.71,0.13,0.22,19.82,0.81,0.36
10017,113,40.77,7.92,7.74,10.58,0.51,0.29,11.82,0.18,0.22,19.89,0.8,0.33
10020,113,39.92,10.04,7.81,11.24,0.37,0.05,10.72,0.08,0.24,19.35,0.42,0.4
10020,113,39.95,10.19,7.87,11.31,0.39,0.05,10.52,0.07,0.27,19.14,0.44,0.38
10072,113,40.2,7.78,8.06,10.27,0.52,0.29,12.28,0.18,0.22,19.77,0.81,0.36
10072,113,40.53,8.52,7.68,10.42,0.54,0.27,11.74,0.14,0.24,19.76,0.81,0.35
10072,123,40.49,7.74,7.45,10.56,0.5,0.29,11.99,0.19,0.24,19.38,0.79,
10017,123,40.69,7.78,7.51,10.76,0.51,0.3,11.92,0.18,0.28,19.49,0.81,
10024,123,40.25,8.09,7.53,10.66,0.52,0.3,11.9,0.2,0.24,19.46,0.82,
10003,123,39.76,10.43,6.69,11.13,0.4,0.06,10.5,0.12,0.3,19.8,0.46,
10045,123,39.04,9.51,7.73,11.28,0.36,0.05,11.32,0.1,0.27,19.4,0.41,
10047,123,42.16,9.89,5.67,12.15,0.45,0.11,9.43,0.11,0.28,19.11,0.56,
10062,123,39.8,10.22,7.08,11.47,0.41,0.08,10.74,0.12,0.3,19.22,0.49,
10044,124,42.01,11.67,6.25,12.18,0.48,0.11,8.81,0.08,0.24,17.98,0.59,
10057,124,39.79,10.84,7.65,10.08,0.54,0.32,11.44,0.17,0.2,19.35,0.86,
10020,130,41.51,11.15,6.46,17.08,0.392,0.07,10.18,0.084,0.257,21.2,0.461871271,0.322
10057,130,38.21,7.56,4.78,16.75,0.49,0.297,10.84,0.049,0.219,22.64,0.786275583,0.307
10072,130,41.08,7.56,5.55,17.08,0.448,0.391,11.18,0.084,0.219,22.21,0.838657952,0.351
10058,130,39.37,10.2,4.39,18.24,0.448,0.125,9.68,0.025,0.244,21.92,0.573106407,0.219
10046,130,44.08,11.72,7.1,16.25,0.49,0.229,8.34,0.12,0.206,19.03,0.718876714,0.307
10022,175,43,7.7,6.5,9,0.4,0.21,11,,0.26,21,0.61,0.41
10072,175,45,9,8,9.5,0.6,0.2,10,,0.36,17,0.8,0.69
10057,175,36,11,9.5,10,0.54,0.18,12.5,,0.49,20,0.72,0.95
10020,175,38,11,8,10,0.59,0.064,12,,0.32,18,0.654,0.31
10017,175,40,10,8.5,10,0.65,0.22,11,,0.35,19,0.87,0.67
10058,175,43,13,6.5,10.5,0.56,0.11,9,,0.55,17,0.67,0.54
10045,175,42,13,7,10,0.51,0.1,8,,0.27,18,0.61,0.51
10050,175,38,11,10,10,0.51,0.064,9,,0.5,20,0.574,0.7
10017,213,,7.9,7.9,9.7,0.49,0.25,11.1,,0.22,18.8,0.74,0.33
10022,213,,8.2,8.3,10,0.49,0.28,11.9,,0.23,19.4,0.77,0.34
10024,213,,7.8,9,10.1,0.49,0.28,12.6,,0.23,19.5,0.77,0.37
10057,213,,12.1,8.7,11.7,0.46,0.18,8.2,,0.21,16.3,0.64,0.3
10069,213,,7.9,8.8,10.4,0.47,0.29,12.3,,0.23,19.1,0.76,0.35
10072,213,,7.9,8.2,10.8,0.49,0.28,11.8,,0.22,18.9,0.77,0.34
10020,213,,9.8,8.7,10.9,0.35,0.06,11.2,,0.26,18.7,0.41,0.38
10045,213,,9.7,9.8,10,0.35,0.05,11.4,,0.27,20.4,0.4,0.39
10092,213,,10.4,8.6,11.2,0.33,0.06,10.9,,0.26,18.3,0.39,0.4
10044,213,,10.4,5.8,11.5,0.44,0.11,8.8,,0.27,18.5,0.55,0.19
10047,213,,11.5,6.6,12.8,0.49,0.13,6.9,,0.27,17.7,0.62,0.15
10058,213,,10.4,8.6,12.1,0.4,0.09,9.9,,0.26,17.9,0.49,0.21
10050,213,,10.4,8.3,12.3,0.39,0.07,10.8,,0.25,17.9,0.46,0.32
10044,242,42.21,10.35,5.95,12.08,0.5,0.03,10.25,0.04,0.27,17.88,0.53,0.24
10047,242,42.51,10.54,5.51,11.82,0.48,0.02,9.21,0.13,0.26,19.31,0.5,0.23
10058,242,40.24,10.34,5.8,12.18,0.42,0.06,10.6,0.16,0.29,19.6,0.48,0.22
10003,242,39.7,10.23,7.6,11.06,0.42,0.03,10.46,0.1,0.26,19.92,0.45,0.23
10029,242,37.89,10.32,7.53,10.47,0.39,0.03,12.15,0.09,0.23,20.49,0.42,0.27
10020,242,40.47,9.73,7.97,12.04,0.37,0.04,10.61,0.07,0.25,18.29,0.41,0.38
10045,242,39.83,10.03,7.67,11.13,0.44,0.04,11.02,0.03,0.28,19.27,0.48,0.41
10092,242,38.05,9.66,8.9,11.38,0.33,0.02,12.74,0.03,0.23,18.38,0.35,0.44
10050,242,40.05,10.49,7.9,11.67,0.36,0.04,11.12,0.02,0.28,17.83,0.4,0.34
10062,242,40.23,11.21,6.81,11.91,0.5,0.06,10.57,0.1,0.23,18.04,0.56,0.31
10024,242,40,7.2,8.74,10.1,0.43,0.41,12.93,0.1,0.23,19.09,0.84,0.41
10032,242,39.49,7.08,8.81,10.21,0.45,0.28,13.06,0.11,0.27,19.37,0.73,0.38
10071,242,40.35,8.29,8.14,10.44,0.53,0.24,12.36,0.15,0.15,18.55,0.77,0.42
10017,242,40.63,7.85,8.16,10.6,0.49,0.31,12.18,0.09,0.23,19.1,0.8,0.35
10057,242,40.34,8.18,7.93,10.54,0.48,0.23,12.42,0.09,0.22,19.24,0.71,0.36
10049,242,41.56,7.95,7.54,10.93,0.47,0.31,11.51,0.15,0.24,19.21,0.78,0.34
10071,242,47.89,11.29,4.69,10.87,0.8,0.42,5.75,0.16,0.22,17.56,1.22,0.07
10072,242,41.62,8.25,8.06,11.04,0.55,0.26,11.02,0.07,0.17,18.53,0.81,0.4
10069,242,39.15,7.39,8.34,9.8,0.48,0.23,12.75,0.1,0.31,20.57,0.71,0.4
10022,242,40.93,8.01,8.29,11.01,0.48,0.22,11.72,0.1,0.23,18.66,0.7,0.4
10060,242,39.8,7.74,8.17,9.59,0.24,0.36,14.11,0.19,0.26,18.75,0.6,0.52
10085,242,41.66,9.09,7.26,10.51,0.67,0.24,11.53,0.1,0.25,19.15,0.91,0.45
10020,58,39.5,9.57,8.12,11.4,0.41,0.034,10.62,0.131,0.263,19.15,0.444,0.396
10050,58,39.7,10.21,7.95,11.91,0.44,0.052,11.16,0.094,0.262,18.57,0.492,0.363
10057,58,40.67,7.99,7.65,10.75,0.57,0.287,11.35,0.197,0.233,19.4,0.857,0.347
10058,58,41.78,10.44,5.96,12.34,0.48,0.085,9.07,0.132,0.266,18.68,0.565,0.205
10069,58,40.32,7.9,7.77,10.7,0.59,0.286,11.59,0.2,0.236,19.61,0.876,0.364
10072,58,39.81,7.66,8.01,10.4,0.55,0.269,12.27,0.192,0.233,19.41,0.819,0.388
12018,80,43.6,8.28,15.1,8.54,0.26,0.04,2.6,0.07,0.28,20.6,0.3,0.69
12020,80,44.6,8,14.4,8.53,0.23,0.06,2.56,0.08,0.27,20.7,0.29,0.6
12075,80,44.8,7.87,14.4,8.53,0.23,0.07,2.55,0.08,0.27,20.7,0.3,0.6
12021,80,46.5,10.5,7.48,11.3,0.3,0.06,3.51,0.09,0.27,19.4,0.36,0.41
12021,80,46.7,11.1,7.38,11.5,0.3,0.05,3.45,0.09,0.27,19.1,0.35,0.38
12038,80,47.1,12.8,6.8,11.4,0.64,0,3.17,0.17,0.24,17.4,0.64,0.31
12004,"74(T), 76(Maj)",44.3,8.5,10.9,9.85,0.228,0.055,3.25,,0.2615,21.5,0.283,0.708
12020,"74(T), 76(Maj)",42.2,8.4,16.1,8.75,0.2165,0.069,2.85,,0.2565,21.8,0.2855,0.612
12075,"74(T), 76(Maj)",41.1,8,13.9,8.45,0.214,0.1,2.8,,0.257,21.6,0.314,0.622
12051,"74(T), 76(Maj)",47.1,10.3,6.1,12,0.318,0.065,4.9,,0.267,21,0.383,0.307
12063,"74(T), 76(Maj)",42.8,9.1,11.4,10.5,0.277,0.064,5,,0.2745,21.2,0.341,0.41
12018,77/69,40.01,12.09,11.28,10.35,0.5,0.07,2.84,,0.61,21.36,0.568618639,0.7
12004,77/69,40.44,10.96,10.78,10.77,0.3,0.045,4.5,,0.25,24.44,0.341125356,0.72
12063,77/69,41.94,11.53,9.12,12.03,0.59,0.08,4.17,,0.26,21.74,0.672613884,0.45
12065,77/69,38.73,13.98,11.61,9.65,0.4,0.049,4.17,,0.4,22,0.453781961,0.58
12002,84,,8.92,,,0.206,0.252,2.62,,0.27,22,0.458002688,1254
12002,84,,8.09,,,0.216,0.259,2.5,,0.278,21.23,0.474666151,1290
12002,84,,8.48,,,0.213,0.251,2.75,,0.269,20.58,0.463537971,1248
12018,84,,8.67,,,0.204,0.249,2.64,,0.267,20.71,0.452897526,
12018,84,,8.26,,,0.205,0.247,2.74,,0.265,20.84,0.451836296,
12021,84,,11.28,,,0.253,0.252,3.22,,0.27,19.17,0.505181896,
12021,84,,10.45,,,0.245,0.252,3.22,,0.27,19.68,0.497094032,
12038,84,,12.6,,,0.628,0.225,3.19,,0.241,18.14,0.853418329,
12038,84,,12.57,,,0.635,0.229,3.4,,0.245,17.75,0.863772027,
12021,81,,,,11.19,0.274,,4.17,,0.262,18.91,0.273639408,
12052,81,,,,11.19,0.252,,3.84,,0.257,18.91,0.25207177,
12009,81,,,,9.79,0.249,,3.84,,0.27,19.94,0.249375816,
12020,81,,,,7.84,0.2,,3.67,,0.267,20.46,0.199500652,
12063,81,,,,9.93,0.283,,4.84,,0.271,20.07,0.28307525,
12004,78,45.24,8.51,12.53,8.99,0.23,0.07,2.8,0.05,0.28,20.65,0.3,0.68
12033,78,47.31,14.12,8.88,10.65,0.28,0.41,2.65,0.39,0.2,14.58,0.69,0.36
12051,78,45.54,9.95,6.82,11.33,0.31,0.04,4.74,0.07,0.28,20.19,0.35,0.36
12052,78,46.59,10.24,8.14,10.7,0.27,0.067,3.3,0.083,0.258,19.82,0.337,0.537
12065,78,46.87,10.05,7.82,10.73,0.27,0.073,3.34,0.13,0.256,19.76,0.343,0.5
12002,87,44.5,7.8,14.76,,0.21,0.054,,,0.288,22.13,0.264491633,0.96
12004,87,46,8.73,12.42,8.26,0.198,0.049,2.55,,0.257,21.1,0.247541422,0.599
12018,87,45.15,7.97,14.41,6.16,0.193,0.049,2.65,,0.256,21.23,0.242149512,0.545
12020,87,43.86,7.2,15.66,8.12,0.174,0.046,2.64,,0.28,21.1,0.219664018,0.666
12052,87,47.29,10.11,8.46,11.89,0.237,0.067,2.5,,0.281,19.55,0.30470182,0.51
12053,87,47.29,10.18,8.06,9.37,0.264,0.06,3.67,,0.287,20.07,0.324433746,0.509
12063,87,44.72,9.33,8.38,13.01,0.29,0.076,4.67,,0.284,21.48,0.365705163,0.377
12064,87,,,,14.27,0.267,0.081,4.34,,0.294,19.43,0.347607961,0.316
12065,87,46.86,10.34,8.49,10.77,0.243,0.08,3.5,,0.296,19.81,0.322139765,0.52
12004,88,,8.88,13.93,11.19,0.216,0.057,2.67,,0.284,20.58,0.272292749,0.702
12053,88,,11.34,8.13,9.65,0.256,0.06,2.67,,0.284,18.4,0.316345882,0.322
12051,88,,11.15,7.63,10.21,0.324,0.061,3.67,,0.271,20.07,0.384949354,0.234
12021,88,,11.15,7.3,12.73,0.283,0.071,3.84,,0.284,20.07,0.354146861,0.365
12006,71,44.23,7.67,14.67,8.13,0.2,0.05,2.59,0.06,0.29,20.94,0.25,0.91
12012,71,44.17,7.71,14.37,8.47,0.21,0.06,2.64,0.07,0.3,20.69,0.27,0.69
12014,71,45.34,8,13.85,8.63,0.21,0.06,2.68,0.07,0.26,20.33,0.27,0.64
12076,71,44.87,8.1,12.26,9.03,0.21,0.06,2.76,,0.3,20.66,0.27,0.68
12015,71,44.98,8.57,11.88,9.21,0.23,0.06,2.86,0.07,0.29,20.18,0.29,0.68
12011,71,46.63,9.77,8.26,10.63,0.25,0.06,3.29,0.06,0.29,19.53,0.31,0.59
12043,71,46.77,10.09,7.68,10.96,0.27,0.06,3.38,0.07,0.29,19.5,0.33,0.5
12017,71,47.27,10.02,7.63,10.97,0.27,0.09,3.37,0.03,0.29,19.72,0.36,0.52
12055,71,47,10.15,7.46,11.1,0.27,0.07,3.52,0.07,0.29,19.54,0.34,0.47
12007,71,46.42,11.28,5.86,11.52,0.32,0.08,3.9,0.1,0.28,19.05,0.4,0.28
12039,71,46.09,10.52,5.75,11.67,0.29,0.1,4.46,0.11,0.29,20.32,0.39,0.38
12031,71,46.97,12.63,7.13,12.25,0.33,0.05,2.88,0.05,0.26,16.78,0.38,0.35
12005,71,41.56,5.3,19.97,6.31,0.16,0.04,2.76,0.04,0.3,22.27,0.2,0.75
12036,71,43.11,6.16,16.71,7.46,0.18,0.06,3.2,0.02,0.3,21.82,0.24,0.72
12008,71,42.75,7.98,12.33,8.97,0.25,0.05,4.45,0.07,0.3,21.94,0.3,0.61
12016,71,42.78,7.23,12.65,8.42,0.22,0.06,4.02,0.08,0.3,22.64,0.28,0.57
12045,71,42.3,8.06,11.63,9.09,0.26,0.07,4.78,0.09,0.29,22.09,0.33,0.59
12056,71,43.44,8.82,9.3,10.21,0.29,0.07,5.07,0.07,0.29,21.6,0.36,0.48
12054,71,45.86,10.47,6.76,11.93,0.31,0.07,4.63,0.06,0.29,19.51,0.38,0.33
12047,71,45.13,10.1,6.59,11.32,0.31,0.08,5.2,0.08,0.29,20.5,0.39,0.31
12002,"79, 146",43.56,7.87,14.88,8.26,0.23,0.051,2.6,0.11,14.88,21.66,0.281,0.96
12053,"79, 146",46.21,10.14,8.17,11.01,0.26,0.065,3.32,0.14,8.17,19.77,0.325,0.49
12063,"79, 146",43.48,9.27,9.56,10.49,0.31,0.061,5,0.14,9.56,21.26,0.371,0.44
12038,146,46.61,12.45,6.83,11.48,0.67,0.067,3.25,0.12,0.251,17.75,0.737,0.32
12018,72,43.89,8.2,15.54,8.21,0.2,0.05,2.56,0.02,0.25,20.56,0.25,0.66
12020,72,44.45,7.99,14.89,8.53,0.21,0.06,2.54,0.02,0.26,20.65,0.27,0.68
12021,72,46.46,10.55,7.6,11.37,0.35,0.07,3.44,0.01,0.26,19.68,0.42,0.4
12022,72,42.33,9.12,11.58,9.37,0.29,0.07,4.54,0.02,0.26,22.06,0.36,0.6
12038,72,47.05,12.12,7.09,11.46,0.64,0.07,3.22,0.02,0.24,17.91,0.71,0.34
12040,72,43.68,7.35,16.69,7.91,0.16,0.05,2.48,0.02,0.26,20.1,0.21,0.7
12052,72,46.49,10.29,8.44,10.82,0.28,0.07,3.18,0.03,0.27,19.93,0.35,0.55
12064,72,46.19,10.96,6.6,11.84,0.27,0.07,3.83,0.02,0.26,19.83,0.34,0.36
12065,72,46.61,10.58,8.04,11.13,0.34,0.08,3.15,0.21,0.26,19.36,0.42,0.48
12065,72,46.14,10.73,8.05,10.96,0.25,0.07,3.34,0.02,0.26,19.86,0.32,0.47
12009,92,45.57,8.88,11.11,9.65,0.231,,3,,0.275,20.07,0.230504132,0.637
12009,92,45.57,9.45,10.61,9.79,0.222,0.057,3.17,,0.262,20.07,0.279032636,0.617
12021,92,47.07,10.39,8.13,11.05,0.268,,2.67,,0.262,18.78,0.268247499,0.368
12021,92,45.36,11.72,6.97,11.61,0.297,0.069,3.5,,0.257,20.07,0.365217428,0.327
12022,92,43.01,7.94,11.11,9.51,0.255,,4.84,,0.278,21.61,0.254767725,0.532
12022,92,43.43,9.45,9.62,9.93,0.263,0.067,5.17,,0.267,21.23,0.33031339,0.466
12038,92,46.86,14.74,5.97,11.75,0.604,,3,,0.232,16.6,0.603893867,0.348
12038,92,46.22,12.09,7.46,10.63,0.623,0.069,3.34,,0.244,17.75,0.691427954,0.316
12064,92,46,12.85,6.47,11.47,0.272,,0,,0.262,18.53,0.272291431,0.341
12064,92,46,10.39,7.46,11.75,0.286,0.051,3.67,,0.258,18.78,0.336364555,0.39
12065,92,47.29,8.88,8.96,10.49,0.262,,3.34,,0.276,19.3,0.261507612,0.476
12065,92,47.07,10.01,8.29,10.49,0.245,0.067,3.34,,0.249,20.07,0.312789684,0.5
12075,92,45.15,7.18,14.76,8.26,0.183,0.06,2.84,,0.267,20.07,0.243555103,0.684
12075,92,45.36,8.5,12.94,9.23,0.222,0.059,3,,0.269,20.2,0.281441843,0.589
12009,103,45,8.6,11.6,9.4,0.2,0.057,2.9,,,21,0.256616368,0.6
12004,103,44.9,8.3,12.6,9.1,0.2,0.06,2.8,,,21.3,0.260230179,0.6
12022,103,42.4,8.7,11.3,9.3,0.3,0.06,4.9,,,21.7,0.360230179,0.6
12021,104,47.05,10.97,7.08,11.34,0.29,0.08,3.74,0.09,0.25,19.04,0.37,
12022,104,43.2,9.04,10.43,9.56,0.47,0.07,5.16,0.13,0.25,21.44,0.54,
12075,104,45.06,8.92,13.32,8.64,0.3,0.05,2.84,0.16,0.26,20.23,0.35,
12002,105,44.93,8.09,,6.72,,,2.25,,,21.1,0,
12018,105,43.65,6.92,,7.28,,,2.42,,,20.61,0,
12021,105,46,10,,9.93,,,3.5,,,19.17,0,
12021,105,47.07,10.52,,10.49,,,3.54,,,19.17,0,
12040,105,44.93,6.97,,7.84,,,2.3,,,23,0,
12040,105,43.43,6.67,,8.26,,,2.27,,,19.66,0,
12040,105,44.29,7.22,,7.42,,,2.29,,,20.61,0,
12065,105,44.93,9.2,,11.05,,,3.1,,,19.68,0,
12022,107,42.3,8.2,11.9,9,0.23,0.061,4.85,,0.31,21.6,0.291,
12065,107,47.1,9.8,9.2,10.1,0.24,0.063,3.25,,0.26,20,0.303,0.5
12040,108,43.89,7.41,16.1,7.87,0.2,0.04,2.71,0.07,0.26,20.83,0.24,0.7
12064,108,46.41,10.5,6.38,11.71,0.3,0.07,4.14,0.04,0.27,19.95,0.37,0.38
12004,109,44.59,8.02,12.66,9.05,0.2,0.068,2.88,0.08,0.29,22.03,0.268,0.55
12009,109,45.03,8.59,11.55,9.42,0.23,0.064,2.9,0.07,0.28,21.03,0.294,0.55
12018,109,44.21,7.42,15.05,8.25,0.2,0.059,2.62,0.07,0.28,21.73,0.259,0.52
12020,109,44.66,7.31,13.91,8.73,0.21,0.064,2.73,0.08,0.28,21.58,0.274,0.55
12035,109,43.17,8.03,15.49,8.08,0.21,0.054,2.28,0.06,0.29,22.2,0.264,0.49
12038,109,46.56,12.53,6.71,11.62,0.66,0.073,3.31,0.14,0.27,17.99,0.733,0.27
12040,109,44.08,7.18,16.21,8.1,0.19,0.04,2.41,0.06,0.28,21.27,0.23,0.55
12051,109,45.07,9.96,7.21,11.45,0.28,0.08,4.62,0.09,0.28,20.25,0.36,0.26
12052,109,46.13,9.95,8.07,10.89,0.26,0.071,3.35,0.08,0.28,20.7,0.331,0.46
12020,132,44.6,8,14.4,8.53,0.23,0.06,2.56,0.08,0.27,20.7,0.29,0.6
12021,132,46.2,12.5,5.7,11.33,0.29,0.04,3.9,0.08,0.24,19.4,0.33,0.26
12021,132,47.05,10.97,7.08,11.34,0.29,0.07,3.74,0.09,0.28,19.06,0.36,
12064,132,46.41,10.5,6.38,11.71,0.3,0.07,4.14,0.04,0.27,19.95,0.37,0.38
12004,133,45.36,8.28,12.11,,,,,,,19.43,0,
12063,133,43.22,7.99,10.78,,,,,,,20.46,0,
12051,133,45.36,9.66,7.46,,,,,,,18.91,0,
12021,133,46.43,10.47,7.63,,,,,,,18.27,0,
12022,133,41.94,7.63,10.12,,,,,,,19.43,0,
12035,133,46.43,8.22,16.75,,,,,,,20.58,0,
12064,133,47.93,10.32,7.46,,,,,,,19.43,0,
12006,82,,10.6,12.8,9.8,0.409,0.075,3.2,,0.258,20.8,0.484,0.569
12012,82,,8.1,16,8,0.207,0.052,2.7,,0.262,21.4,0.259,0.623
12015,82,,8.7,12.3,8.9,0.239,0.06,2.9,,0.269,20.5,0.299,0.621
12016,82,,8.2,15.1,8.2,0.258,0.049,3.5,,0.252,22.2,0.307,0.554
12017,82,,9.6,8.7,10.1,0.267,0.071,3.3,,0.271,20.1,0.338,0.513
12019,82,,9.6,9.2,9.1,0.253,0.053,3,,0.252,20.61,0.306,0.536
12040,82,,7.8,17.1,6.9,0.199,0.039,2.6,,0.255,20.9,0.238,0.605
12046,82,,10.5,7.3,10.6,0.293,0.063,4.6,,0.259,20.2,0.356,0.294
12054,82,,10.1,7.7,10,0.291,0.062,4.7,,0.262,20.2,0.353,0.314
12061,82,,8.8,11.6,9.1,0.276,0.057,4.9,,0.274,21.9,0.333,0.469
12062,82,,10.3,8.1,9.9,0.297,0.06,4.6,,0.266,20.7,0.357,0.31
12072,82,,8.5,13.3,8.7,0.227,0.059,3,,0.262,21.3,0.286,0.55
12076,82,,8.5,14.6,9,0.222,0.056,2.8,,0.257,21.2,0.278,0.604
12077,82,,7.7,15.7,7.7,0.202,0.05,2.5,,0.267,21.2,0.252,0.738
12072,134,48.14,11.64,8.57,11.38,0.37,0.04,1.81,,,17.46,0.41,0.4
12004,167,45.24,8.51,12.53,8.99,0.23,0.07,2.8,0.05,0.28,20.65,0.3,0.68
12051,167,45.54,9.95,6.82,11.33,0.31,0.04,4.74,0.07,0.28,20.19,0.35,0.36
12052,167,46.59,10.24,8.14,10.7,0.27,0.067,3.3,0.083,0.258,19.82,0.337,0.537
12065,167,46.87,10.05,7.82,10.73,0.27,0.073,3.34,0.13,0.256,19.76,0.343,0.5
12012,176,35,11,17.5,9.3,0.53,0.055,3.1,,0.17,23,0.585,0.57
12004,176,37,10.5,15,10,0.48,0.058,3.4,,0.23,23,0.538,0.85
12015,176,38,11,14,9.8,0.37,0.062,3.2,,0.33,22,0.432,0.57
12022,176,36,11,13,11,0.36,0.068,5.1,,0.17,22,0.428,0.39
12009,176,41,11,12.5,10,0.51,0.063,3.3,,0.19,20,0.573,0.76
12065,176,39,12,9,12.6,0.39,0.072,3.8,,0.41,22,0.462,0.51
12052,176,42,11,10,11,0.45,0.069,3.6,,0.31,21,0.519,0.54
12064,176,40,12,8,12,0.42,0.084,4.9,,0.32,22,0.504,0.44
12038,176,49,12,6.5,11,0.6,0.057,3.2,,0.26,17,0.657,0.32
12009,226,45,8.59,11.6,9.42,0.23,0.06,2.9,0.07,0.28,21,0.29,0.55
12015,226,45,8.57,11.9,9.21,0.23,0.06,2.86,0.06,0.29,20.2,0.29,0.68
12072,226,48.2,8.5,13.3,8.7,0.23,0.06,3,,0.26,21.3,0.29,0.55
12011,226,46.6,9.77,8.26,10.6,0.25,0.06,3.29,0.07,0.29,19.5,0.31,0.59
12043,226,46.8,10.1,7.68,11,0.27,0.06,3.38,0.06,0.29,19.5,0.33,0.5
12022,226,43.2,9.04,10.4,9.56,0.47,0.07,5.16,0.13,0.25,21.4,0.54,0.56
12045,226,42.3,8.06,11.6,9.09,0.26,0.07,4.78,0.09,0.29,22.1,0.33,0.59
12011,322,46.59,10.02,9.59,10.55,0.33,0.02,3.25,0.03,0.28,19.31,0.35,0.68
12043,322,47.11,10.56,7.9,11.15,0.27,0.02,3.39,0.06,0.13,19.52,0.29,0.47
12007,322,48.03,12.13,5.67,12.07,0.4,0.04,3.82,0.08,0.22,17.85,0.44,0.24
12015,322,47.12,9.58,11.02,10.11,0.22,0.05,3.1,0.06,0.27,18.18,0.27,0.75
12015,322,47,9.26,11.44,10.02,0.22,0.05,2.9,0.06,0.27,18.2,0.27,0.68
14053,139,47.5,12.85,8.29,11.19,,,3,,,16.72,0,
14310,139,46.86,19.65,5.97,12.45,,,1.17,,,8.36,0,
14053,140,46.3,13.7,8.54,11.2,0.44,0.11,2.79,0.11,,17,0.55,0.37
14072,140,45.2,11.1,12.2,9.84,0.32,0.08,2.57,0.08,,17.8,0.4,0.51
14321,140,46.8,13.8,6.3,11.6,0.8,0.25,2.33,0.25,,15.9,1.05,
14053,140,46.4,13.6,8.48,11.2,,0.1,2.64,0.09,0.26,16.8,0.1,
14310,140,47.2,20.1,7.87,12.3,0.63,0.49,1.24,0.34,0.11,8.38,1.12,0.18
14073,142,,20,,13,0.76,0.48,1.2,,0.12,8.9,1.24,0.196
14073,142,,20.8,,12.8,0.737,0.49,1.3,,0.108,8.2,1.227,0.15
14310,143,47.81,21.54,7.48,12.92,0.68,0.48,1.11,0.43,0.1,7.62,1.16,0.25
14276,143,47.6,21.34,7.1,13.18,0.72,0.48,1.2,0.4,0.12,7.94,1.2,0.26
14310,144,47.07,20.03,7.88,12.28,0.634,0.494,1.23,,,8.375,1.128,
14072,144,45.15,11.07,8.59,9.84,0.324,0.08,2.56,,,17.88,0.404,
14072,144,45.15,11.07,8.59,,,0.08,2.56,,,17.88,0.08,
14321,145,47.71,12.28,11.28,10.35,,,1.79,,,16.47,0,
14321,145,47.5,12.09,8.96,11.33,,,1.8,,,15.82,0,
14310,146,47.16,20.35,7.83,12.43,0.72,0.485,1.25,0.385,0.113,8.31,1.205,0.17
14053,146,46.08,12.54,8.97,11.07,0.44,0.097,2.91,0.114,0.255,16.97,0.537,0.42
14310,148,48.3,20.74,8,11.61,0.76,0.52,1.25,0.38,0.11,7.78,1.28,0.17
14004,151,,12,6.9,10.4,0.412,0.061,5.4,,0.237,18.4,0.473,0.232
14160,151,,13.3,8.4,11.1,0.544,0.079,2.5,,0.213,14.8,0.623,0.235
14256,151,,13.1,7.8,11.9,0.38,0.06,2.6,,0.238,16.5,0.44,0.332
14305,152,39.9,4,22,6.5,0.16,0.04,3.6,,,22.4,0.2,1.2
14321,153,,12.5,8.8,11.5,0.6,0.14,2.3,,0.234,16.7,0.74,0.42
14321,153,,12.5,8.2,11,0.56,0.14,2.2,,0.224,16.3,0.7,0.39
14321,153,,12.4,9.1,10.6,0.56,0.15,2.3,,0.23,16.6,0.71,0.38
14321,153,,12.3,7.8,11.6,0.58,0.17,2.3,,0.224,17.1,0.75,0.41
14321,153,,11.4,7.5,10.2,0.58,0.15,2,,0.217,15.5,0.73,0.36
14321,153,,12.4,8.5,11.4,0.6,0.16,2.3,,0.221,15.1,0.76,0.37
14321,153,,13.2,7.4,11.3,0.55,0.14,2.2,,0.205,15.3,0.69,0.37
14321,153,,13,7.4,11.4,0.61,0.15,2.3,,0.228,17,0.76,0.41
14321,153,,12.4,6.9,10.8,0.61,0.16,2.3,,0.239,17.4,0.77,0.35
14321,153,,13.2,7.2,11.4,0.62,,2.2,,0.223,16.7,0.62,0.37
14321,153,,12.7,8.2,12.3,0.61,0.16,2.4,,0.218,15.4,0.77,0.36
14321,153,,12.3,7.6,11,0.63,0.17,2.1,,0.234,16.1,0.8,0.34
14321,153,,12.7,7.4,11.2,0.64,0.17,2.2,,0.222,17.6,0.81,0.4
14321,153,,12.9,7.3,11,0.63,0.2,2.1,,0.222,15.4,0.83,0.34
14321,153,,13.9,8.7,11.6,0.56,0.15,2.3,,0.208,14.1,0.71,0.32
14321,153,,11.8,10.6,9.9,0.48,0.13,1.8,,0.238,17.3,0.61,0.57
14321,153,,12.5,9.2,11,0.49,0.12,1.9,,0.232,16.4,0.61,0.46
14321,153,,11.8,10.9,10.1,0.52,0.14,1.8,,0.239,19.3,0.66,0.53
14321,153,,12.1,10.2,11.2,0.54,0.16,2.1,,0.241,16.9,0.7,0.44
14321,153,,11.1,8.7,9.8,0.51,0.12,2,,0.218,16.6,0.63,0.45
14321,153,,12.1,10,10.9,0.5,0.13,2.1,,0.238,16.9,0.63,0.47
14321,153,,12,9.1,10.3,0.52,0.19,2.1,,0.231,17,0.71,0.46
14321,153,,12.4,8.6,11.1,0.52,0.13,2.2,,0.224,16.9,0.65,0.44
14321,153,,12.5,9,11.3,0.53,0.14,2,,0.233,18,0.67,0.45
14321,153,,12.7,9.6,11.3,0.48,0.11,2.1,,0.219,16.1,0.59,0.34
14321,153,,13.1,9.4,11.3,0.56,0.13,2.1,,0.223,17.2,0.69,0.59
14321,153,,12.6,9.2,11.8,0.49,0.16,2.2,,0.229,16.6,0.65,0.43
14321,153,,12.5,8.7,11,0.5,0.12,2,,0.235,15.7,0.62,0.38
14321,153,,12.6,8.7,11.4,0.51,0.11,2.1,,0.238,16.1,0.62,0.41
14321,153,,12.4,8.7,11.1,0.53,0.14,2,,0.211,15.3,0.67,0.41
14321,153,,12,9.1,10.7,0.42,0.09,2.7,,0.228,15.5,0.51,0.44
14321,153,,12.1,10.8,11.3,0.635,0.06,2,,0.225,17,0.695,0.44
14321,153,,11.9,11.2,10.3,0.4,0.08,2.5,,0.241,17.3,0.48,0.51
14321,153,,11.6,10.9,10.2,0.41,0.07,2.7,,0.247,18.2,0.48,0.52
14321,153,,11.8,11,11,0.45,0.08,2.9,,0.24,17.3,0.53,0.46
14321,153,,12,8.9,11.1,0.32,0.04,2.2,,0.248,16.9,0.36,0.41
14321,154,45.5,13.4,10.8,10.9,0.516,0.14,2.57,,0.239,15.9,0.656,
14321,154,48.4,11.8,10.6,9.9,0.462,0.25,2.59,,0.226,15.8,0.712,
14321,154,46.5,11.6,11.9,10,0.518,0.14,2.42,,0.244,16.67,0.658,
14321,154,47.1,12,9.9,10.2,0.602,0.3,2.77,,0.23,15.89,0.902,
14321,154,47.1,11.8,10.3,10.2,0.442,0.15,2.39,,0.25,17.4,0.592,
14321,154,45.4,12.4,10.7,10.6,0.859,0.16,2.49,,0.248,17.1,1.019,
14321,154,46.8,12.8,10.1,10.3,0.737,0.1,2.46,,0.254,16.4,0.837,
14321,154,43.1,10.65,13.6,9.7,0.406,0.22,3.94,,0.268,18.15,0.626,
14321,154,46.6,11.9,9.9,10.2,0.527,,3.33,,0.251,17.25,0.527,
14321,154,43.5,11.3,13.9,9.2,0.435,0.068,2.92,,0.255,18.4,0.503,
14321,154,45.1,9,6.47,9,0.294,0.5,6.49,,0.311,22.8,0.794,
14305,154,43.5,12.4,10.7,10.1,0.53,0.072,4.9,,,17.2,0.602,
14321,155,48.7,11.5,10.7,9.9,0.43,,1.28,,,17.1,0.43,
14321,155,49.3,14.5,7,11.7,0.52,0.22,1.91,,,14.8,0.74,
14321,155,48.1,12.1,10.2,10.6,0.5,0.1,1.96,,0.2,17,0.6,
14321,155,47.9,12.4,9.6,10.4,0.45,0.16,2.72,,,16.1,0.61,
14321,155,48,12,9.6,10.7,0.65,0.29,2.06,,0.25,16,0.94,
14321,155,48.9,11.5,9.49,10.4,0.53,0.19,2.18,,0.16,15.9,0.72,
14321,155,48.3,12.3,8.91,12,0.49,0.2,2.07,,0.16,15.3,0.69,
14321,155,50.1,13.1,9.2,10.8,0.3,,1.66,,,14.4,0.3,
14321,155,49.4,12.7,8.05,11,0.58,0.23,2.14,,0.25,16,0.81,
14321,155,46.3,13.1,9.2,13.3,0.46,,2.9,,,15.7,0.46,
14321,155,47.1,13.4,8.1,12.5,0.46,,2.22,,,15.3,0.46,
14321,155,48.1,12.5,8.4,10.7,0.55,,2.85,,,16.5,0.55,
14321,155,49.4,12.2,8.6,10.5,0.65,0.16,2.19,,0.16,16,0.81,
14321,155,46,11.3,11,10.6,0.48,0.03,2.72,,0.23,17.9,0.51,
14321,155,50.2,11.4,8.8,10.1,0.48,0.14,2.16,,0.21,16.7,0.62,
14321,155,49,11.6,9.37,10.6,0.51,0.13,2.23,,0.24,16.1,0.64,
14321,155,48.1,12.1,8.48,10.9,0.49,0.05,2.65,,0.33,16.4,0.54,
14321,155,48.9,10.9,9.28,10.4,0.51,0.11,1.88,,0.24,16.9,0.62,
14321,155,47.6,13.1,8.89,11.3,0.27,0.05,2.22,,0.4,15.9,0.32,
14321,155,48,12.6,8.78,10.8,0.47,0.14,2.07,,0.22,15.9,0.61,
14321,155,46.7,11.6,10.7,10.3,0.41,0.03,2.64,,0.36,17.2,0.44,
14321,155,47.4,11.5,9.56,10.5,0.45,0.09,2.61,,0.33,16.6,0.54,
14150,156,47.2,19.2,8.45,12.1,,0.46,1.27,,0.11,9.02,0.46,0.17
14150,156,47.2,19.8,7.6,12.4,,0.51,1.32,,0.1,8.49,0.51,0.16
14078,156,47.3,20.3,7.42,12.7,0.75,0.5,1.34,0.47,0.11,8.78,1.25,0.16
14321,157,46.9,14,8.6,11.2,0.52,0.17,2.1,,0.21,15.9,0.69,
14321,157,45.8,13.2,8.7,10.3,0.51,0.14,1.89,,0.24,17.7,0.65,
14321,157,47.1,14.2,7.9,10.1,0.59,0.16,2.26,,0.23,17.1,0.75,
14321,157,46.8,13.3,11.1,10.1,0.46,0.13,1.75,,0.22,15.6,0.59,
14321,157,45.5,13.8,9.8,10.9,0.3,0.06,2.03,,0.23,16.9,0.36,
14321,157,49.4,12.8,7.9,10.9,0.54,0.16,2.41,,0.23,15.3,0.7,
14321,157,46.6,14,10.8,10.3,0.58,0.19,1.82,,0.22,16.6,0.77,
14321,157,45.5,13.7,10.6,11,0.6,0.18,2.03,,0.22,16.6,0.78,
14321,157,48.2,11.7,8.9,9.61,0.4,0.07,2.67,,0.22,16.4,0.47,
14321,157,49.4,13.8,7.4,11.6,0.51,0.16,2.65,,0.21,14,0.67,
14321,157,44.3,11.8,10.6,8.8,0.22,0.04,3.25,,0.25,20.2,0.26,
14321,157,46.6,13,10.1,10.7,0.47,0.11,2.09,,0.22,16.3,0.58,
14321,157,46.3,13.8,9,10.9,0.55,0.13,2.114,,0.23,16.6,0.68,
14321,157,49.3,12.8,8.8,10.5,0.5,0.12,2.21,,0.22,15.1,0.62,
14321,157,48.9,13.7,9.1,10.3,0.6,0.36,2.41,,0.19,14.2,0.96,
14321,157,48.5,11.7,10.8,10.2,0.25,0.06,19.8,,0.24,15.8,0.31,
14321,157,44.7,11.9,11.5,10.7,0.42,0.15,2.47,,0.25,17.5,0.57,
14321,157,42.8,11.1,12.1,10.1,0.46,0.07,2.56,,0.24,20.1,0.53,
14321,157,48,12.5,9.3,10.5,0.6,0.15,2.35,,0.23,16,0.75,
14321,157,43.7,14.7,9,12.1,0.46,0.08,2.44,,0.21,16.9,0.54,
14321,157,46.3,12.9,7.8,11.5,0.62,0.14,2.41,,0.24,17.7,0.76,
14321,157,48.7,13.6,8.5,10.6,0.34,0.06,2.02,,0.22,15.3,0.4,
14321,157,46.4,12.4,9.6,9.22,0.39,0.08,2.83,,0.25,18.3,0.47,
14321,157,44.7,13,11.8,10.5,0.26,0.06,1.87,,0.23,17.1,0.32,
14321,157,44.4,14,10.9,9.79,0.39,0.05,2.49,,0.23,17.2,0.44,
14321,157,47.7,13.3,8.9,10.5,0.59,0.15,2.05,,0.22,16.2,0.74,
14063,158,45.9,14.4,6.7,11.3,1,0.1,7.3,,,10.7,1.1,0.2
14303,157,46,13.6,10.8,11.6,0.28,0.46,1.55,0.04,0.23,15.1,0.74,
14304,157,49,16,9.56,10.8,0.6,0.96,1.83,0.35,0.15,10.6,1.56,
14304,157,52.1,15.1,10.4,9.06,0.6,1.07,1.07,0.07,0.15,10.2,1.67,
14304,157,46.6,12,9.8,11,0.51,1.22,2.22,,0.28,15.8,1.73,
14304,157,47.4,14.2,10,9.7,0.4,0.35,1.5,,0.21,15.8,0.75,
14304,157,48.3,15.1,7.9,11.7,0.56,1.11,2.27,,0.16,12.6,1.67,
14304,157,46.3,11.9,7.2,10,0.71,1.71,5.94,,0.17,15.8,2.42,
14303,159,48.7,18.2,8.27,12.3,0.45,0.75,1.61,,,9.55,1.2,
14303,159,48.9,13.4,9.68,10.4,0.55,1.05,1.7,,,13.6,1.6,
14303,159,,,,10.5,0.49,1.3,,,,16.8,1.79,
14303,159,,,,11,0.72,1.1,,,,9.9,1.82,
14303,159,,,,9.9,0.64,0.86,,,,12.9,1.5,
14305,160,43.8,9.9,15,9,0.34,0.62,2.4,,0.23,18.1,0.96,0.58
14305,160,45.5,12.5,9.3,11,0.53,1.25,1.7,,0.22,17.2,1.78,0.765
14305,160,49.1,13.4,7.7,12.1,0.58,1.4,1.9,,0.2,13.1,1.98,0.525
14305,160,42.1,11.3,10.3,11.2,0.34,0.56,5.1,,0.23,18.4,0.9,0.46
14305,160,45.3,13,9.9,11.6,0.41,0.8,2.2,,0.2,16,1.21,0.593
14168,151,,12.4,11,9.9,0.37,0.57,1.7,,0.215,15.5,0.94,0.544
14181,92,45.8,13.8,10.1,11.3,0.43,0.655,1.95,,0.232,15.6,1.085,0.45
14304,162,,,,9.1,0.28,0.326,,,0.248,17.3,0.606,
14304,162,,,,9.7,0.24,0.334,,,0.263,17.9,0.574,
14053,177,48.35,12.09,8.29,11.89,0.38,0.14,1.5,,0.28,16.21,0.521986096,0.44
14310,177,50.28,20.03,7.96,10.91,0.63,0.53,1.33,,0.14,7.72,1.163574945,0.16
14163,181,48.3,17.5,9.32,11.1,0.73,0.61,1.82,,0.14,10.3,1.34,
14310,181,48.3,20,8.49,12.54,0.68,0.5,1.25,,0.12,8.49,1.18,
14276,187,47.63,21.34,7.1,13.18,0.72,0.48,1.2,0.4,0.12,7.94,1.2,0.26
14310,187,47.2,20.1,7.87,12.3,0.63,0.49,1.24,0.34,0.11,8.38,1.12,0.18
14321,243,,11.96,,,0.538,0.133,2.02,,0.221,16.34,0.670349369,
14321,243,,13.81,,,0.608,0.176,2.37,,0.221,16.08,0.783809922,
14321,243,,14.61,,,0.546,0.157,2.14,,0.217,16.21,0.702529305,
14321,243,,12.91,,,0.557,0.136,2.02,,0.223,16.6,0.692834863,
14321,243,,12.07,,,0.528,0.117,2.25,,0.241,16.72,0.644579692,
14321,243,,12.17,,,0.407,0,2.57,,0.239,16.08,0.407089169,
14321,243,,11.45,,,0.518,0.179,2.24,,0.232,16.34,0.697109248,
14321,243,,13.85,,,0.648,0.152,2.9,,0.226,16.72,0.800157172,
14321,243,,12.11,,,0.535,0.21,2.24,,0.232,16.47,0.744748043,
14321,243,,12.89,,,0.57,0.118,2.42,,0.236,18.01,0.688245583,
14321,243,,11.53,,,0.481,0.128,2.09,,0.232,16.6,0.608915905,
14321,243,,11.94,,,0.607,0.163,2.25,,0.245,17.24,0.769211305,
14321,243,,12.36,,,0.555,0.287,2.04,,0.245,17.24,0.842062333,
14321,243,,12.36,,,0.534,0.124,2.1,,0.254,16.72,0.657873212,
14321,243,,13.7,,,0.531,0.261,2.92,,0.223,16.08,0.792502065,
14321,247,46.82,13.81,6.3,11.57,0.8,0.25,2.33,,0.26,15.92,1.05,0.32
14321,247,48.06,11.91,9.42,10.87,0.64,0.18,2.42,,,15.31,0.82,0.21
14310,249,48.27,20.26,7.76,12.25,0.81,0.55,1.27,,,8.11,1.36,0.2
14072,249,44.94,11.31,12.21,9.63,0.38,0.11,2.56,,,17.07,0.49,0.52
14078,292,47.3,20.3,7.42,12.7,0.75,0.51,1.34,0.47,0.11,8.78,1.26,0.16
14310,292,47.6,20.7,7.8,12.3,0.69,0.5,1.2,0.4,0.11,8.1,1.19,0.19
14073,292,,20.4,,12.9,0.75,0.49,1.25,,0.11,8.5,1.24,0.17
14152,292,,21.3,6.4,13.3,0.79,0.49,1.17,,,7.5,1.28,
14276,292,47.6,21.7,7.86,13.24,0.71,0.46,1.15,0.4,0.11,7.9,1.17,0.24
14053,53,46.18,12.84,8.59,11.18,0.44,0.11,2.94,0.13,0.26,17.09,0.55,0.37
14072,53,45.15,11.07,12.16,9.84,0.32,0.08,2.57,0.08,0.27,17.82,0.4,0.51
14310,53,47.57,20.7,7.59,12.54,0.73,0.49,1.24,0.41,0.12,8.22,1.22,0.15
14321,317,45.6,14.3,7.57,11.2,0.67,0.17,1.4,,0.2,14.7,0.84,0.38
14305,326,39.9,4,22,6.5,0.16,0.045,3.6,,0.25,22.4,0.205,1.2
14305,326,40.2,4.9,21.8,5.1,0.2,0.01,4.3,,0.28,22.3,0.21,1.1
14305,326,43.8,9.9,15,9,0.34,0.62,2.4,,0.23,18.1,0.96,0.58
14004,328,,12,6.9,10.4,0.412,0.061,5.4,,0.237,18.4,0.473,0.232
14160,328,,13.3,8.4,11.1,0.544,0.079,2.5,,0.213,14.8,0.623,0.235
14168,328,,12.4,11,9.9,0.366,0.57,1.7,,0.215,15.5,0.936,0.544
14256,328,,13.1,7.8,11.9,0.376,0.055,2.6,,0.238,16.5,0.431,0.332
14004,328,,13.8,13.7,8.7,0.869,0.95,1.4,,0.112,10,1.819,0.174
14004,328,,18.3,7.1,10.3,0.669,0.46,1.1,,0.089,7.5,1.129,0.125
14145,328,,21.2,8.4,13,0.703,0.44,1.3,,0.096,7.7,1.143,0.14
14150,328,,19.2,7.6,12.1,0.737,0.5,1.3,,0.102,8.3,1.237,0.154
14150,328,,20.6,6.4,11,0.742,0.47,1.2,,0.094,7.6,1.212,0.142
14160,328,,20.9,7,11.6,0.726,0.48,1.1,,0.091,7.2,1.206,0.13
14004,385,45,20.9,9.2,12.7,0.79,0.67,1.45,,0.113,8.8,1.46,
14155,385,48,21,9,11.3,0.72,0.58,1.34,,0.107,8.4,1.3,
14155,385,46,15.6,14.8,9.4,0.94,0.64,1.91,,0.125,10.5,1.58,
14160,385,52,19.2,5.9,11.9,0.66,0.5,1.46,,0.111,7.8,1.16,
14160,385,50,21.1,5.8,12.9,0.68,0.6,1.32,,0.104,7.4,1.28,
14160,385,44,22.2,8.3,14.3,0.75,0.6,1.46,,0.124,8.6,1.35,
14261,385,47,22.2,7.8,13.4,0.77,0.51,0.91,,0.101,7.6,1.28,
15274,169,46.9,7.3,15,6.7,0.22,,1.39,0.09,0.32,21.1,0.22,
15387,169,45.3,5.8,17.4,6.4,0.16,,1.67,0.11,0.29,22.7,0.16,
15387,169,47.6,5.5,16.9,6.2,0.12,,1.44,0.08,0.25,21.3,0.12,
15388,169,44.2,11.1,8,10.2,0.32,,5.91,0.06,0.35,19.1,0.32,
15620,169,45.8,9.2,11.3,9.2,0.23,,1.95,0.12,0.35,21.5,0.23,
15623,169,45.4,8.2,11.6,9.6,0.28,,2.27,0.13,0.37,22.5,0.28,
15633,169,44.6,8.5,10.5,9.1,0.23,,2.7,0.11,0.35,23,0.23,
15641,169,46.5,9.3,11.1,9.9,0.34,,1.9,0.09,0.38,21.2,0.34,
15643,169,45.8,8.8,11.5,9.4,0.29,,1.98,0.11,0.35,22.2,0.29,
15651,169,46.8,9.9,10.3,10.3,0.33,,2.04,0.11,0.37,20.3,0.33,
15663,169,45.8,8.3,10.8,9.1,0.23,,2.05,0.1,0.34,21.8,0.23,
15663,169,,,,,0.25,,,,,22.3,0.25,
15668,169,46.7,9.1,8.9,9.9,0.25,,2.37,0.12,0.38,21.9,0.25,
15672,169,45.7,8.9,11.7,8.9,0.26,,2,0.12,0.28,21.6,0.26,
15475,94,48.32,9.59,8.72,10.77,0.31,0.05,1.77,0.06,0.3,19.53,0.36,0.61
15499,94,47.89,9.19,9.11,10.41,0.38,0.06,1.81,0.08,0.3,20.47,0.44,0.52
15595,94,48.07,9.06,9.21,10.52,0.35,0.05,1.77,0.07,0.3,20.23,0.4,0.52
15597,94,47.98,9.44,8.74,10.43,0.32,0.06,1.8,0.07,0.3,20.23,0.38,0.48
15016,94,44.26,8.52,10.84,9.43,0.32,0.05,2.29,0.08,0.31,22.93,0.37,0.8
15119,94,45.23,9.24,8.93,10.55,0.3,0.05,2.64,0.09,0.31,22.25,0.35,0.47
15545,94,44.89,8.71,10.08,9.95,0.45,0.04,2.49,0.07,0.31,22.43,0.49,0.54
15555,94,44.75,9.01,11.39,9.62,0.27,0.04,2.05,0.06,0.3,21.68,0.31,0.58
15555,94,43.82,7.45,10.96,9.22,0.24,0.04,2.63,0.07,0.32,24.58,0.28,0.59
15622,94,43.98,8.46,11.64,9.19,0.29,0.05,2.29,0.08,0.31,22.73,0.34,0.81
15636,94,44.58,8.55,11.32,9.58,0.26,0.04,2.22,0.07,0.31,22.67,0.3,0.56
15658,94,45.09,9.02,9.73,10.11,0.28,0.04,2.5,0.07,0.31,22.59,0.32,0.53
15668,94,45.01,8.73,9.96,10.16,0.28,0.04,2.53,0.07,0.31,22.58,0.32,0.54
15674,94,45.04,8.95,9.36,10.15,0.28,0.05,2.58,0.08,0.31,22.78,0.33,0.47
15498,170,48.8,9.64,9.27,10.58,0.24,0.04,1.82,0.06,0.22,18.75,0.28,0.51
15498,170,47.89,9.14,9.25,10.34,0.23,0.04,2.35,0.05,0.24,20.19,0.27,0.48
15498,170,47.62,9.66,9.48,10.27,0.216,0.04,1.95,0.06,0.3,19.76,0.256,0.55
15498,170,48.03,9.68,9.09,10.44,0.23,0.04,1.95,0.06,0.25,19.06,0.27,0.6
15498,170,47.52,9.82,9.42,10.26,0.25,0.05,2.14,0.06,0.3,19.98,0.3,0.56
15498,170,48.06,10.67,8.12,10.78,0.37,0.04,2.17,0.08,0.23,18.96,0.41,0.54
15498,170,47.86,10.07,8.43,10.82,0.26,0.04,2,0.06,0.26,19.09,0.3,0.59
15498,170,47.74,10.27,8.04,11.01,0.24,0.02,2.14,0.09,0.26,19.43,0.26,0.47
15498,170,48.09,10.37,8.56,10.68,0.25,0.04,1.93,0.05,0.24,18.96,0.29,0.58
15498,170,47.67,10.2,8.56,11.32,0.27,0.05,1.59,0.05,0.28,18.99,0.32,0.36
15498,170,46.82,10.35,7.92,10.88,0.26,0.04,2.06,0.06,0.26,20.27,0.3,0.39
15498,170,46.59,11.62,5.95,11.8,0.37,0.03,2.17,0.03,0.22,20.55,0.4,0.25
15498,170,47.18,11.03,6.98,11.24,0.26,0.05,2.22,0.06,0.26,20,0.31,0.33
15498,170,47.49,13,4.61,11.52,0.31,0.04,2.48,0.1,0.22,19.67,0.35,0.16
15498,170,46.88,12.71,4.92,11.56,0.27,0.05,2.63,0.06,0.26,21,0.32,0.16
15498,170,43.07,4.42,24.1,6.84,0.1,0.01,0.53,0.06,0.26,19.67,0.11,0.98
15498,170,44.44,7.76,16.41,7.84,0.18,0.03,1.5,0.07,0.22,20.77,0.21,0.95
15498,170,44.71,8.13,13.63,8.92,0.2,0.03,1.49,0.04,0.24,20.83,0.23,0.91
15498,170,45.14,9.37,9.31,10.67,0.25,0.03,2.25,0.08,0.24,20.13,0.28,0.56
15498,170,44.54,7.75,11.65,9.2,0.2,0.03,2.46,0.03,0.26,23.44,0.23,0.71
15498,170,45.83,8.7,7.87,11.47,0.24,0.04,2.28,0.05,0.28,21.57,0.28,0.32
15498,170,45.19,7.96,9.49,9.93,0.26,0.03,2.47,0.05,0.3,23.26,0.29,0.54
15498,170,46.98,8.25,12.74,8.91,0.21,0.03,1.65,0.04,0.26,19.71,0.24,0.9
15498,170,47.7,8.35,11.83,9.15,0.19,0.03,1.9,0.06,0.22,19.75,0.22,0.77
15498,170,47.39,9.01,9.73,10.3,0.23,0.03,1.73,0.05,0.28,20.19,0.26,0.54
15434,171,56.9,6.4,4.7,8.3,0.56,2.17,1.13,1.33,0.28,17.8,2.73,0.17
15434,171,56,9.8,5.5,10.5,0.66,0.72,1.11,0.29,0.27,14.7,1.38,0.27
15434,171,56.2,9.8,5,10.1,0.71,0.53,0.93,0.25,0.27,14.2,1.24,
15434,171,51.6,16.4,9.2,9.8,0.8,0.55,1.92,0.47,0.14,10,1.35,0.31
15115,172,,9.6,8,10,0.306,0.055,1.8,,0.275,20,0.361,0.446
15661,172,,8.7,12,8.6,0.25,0.036,1.9,,0.257,21.9,0.286,0.653
15669,172,,9.3,10,11.3,0.267,0.04,2.4,,0.268,22.3,0.307,0.536
15675,172,,9,10,9.1,0.262,0.044,2.2,,0.259,21.4,0.306,0.492
15677,172,,8.8,12,8.4,0.251,0.04,2,,0.264,22.5,0.291,0.599
15605,172,,9.1,11,10.1,0.257,0.051,2.1,,0.268,22.3,0.308,0.606
15612,172,,8.5,12,9.2,0.244,0.037,2.2,,0.26,22.2,0.281,0.803
15614,172,,8.8,11,8.9,0.25,0.034,2,,0.267,21.3,0.284,0.684
15616,172,,8.7,12,8.3,0.238,0.043,2,,0.264,21.8,0.281,0.91
15617,172,,8.8,12,8.5,0.256,0.041,2.1,,0.268,21.8,0.297,0.722
15623,172,,8.6,13,9.2,0.241,0.043,2,,0.266,23.2,0.284,0.854
15630,172,,8.9,11,8.8,0.252,0.044,2,,0.268,20.8,0.296,0.782
15634,172,,9.8,13,9.1,0.269,0.02,1.5,,0.249,19.9,0.289,0.637
15639,172,,9.4,12,8.9,0.28,0.038,1.8,,0.264,21.9,0.318,0.605
15641,172,,8.8,12,9.2,0.252,0.034,1.9,,0.268,21.9,0.286,0.6
15649,172,,9.1,12,9.1,0.255,0.042,2.2,,0.26,21.7,0.297,0.524
15662,172,,9.5,10,9.4,0.271,0.04,2.3,,0.273,22.5,0.311,0.647
15664,172,,8.5,13,9.2,0.238,0.04,2.1,,0.276,22.6,0.278,0.634
15671,172,,8.7,12,8.5,0.251,0.038,2,,0.264,21.6,0.289,0.654
15673,172,,8.7,12,8.8,0.254,0.046,1.9,,0.257,20.7,0.3,0.616
15648,172,,9.9,11,9.7,0.284,0.041,2.2,,0.258,20.1,0.325,0.508
15556,93,45.11,9.43,7.73,10.83,0.26,0.03,2.76,0.08,0.29,22.25,0.29,
15256,93,44.93,8.89,9.08,10.27,0.28,0.03,2.54,0.06,0.29,22.21,0.31,
15256,93,45.12,8.95,9.32,10.14,0.25,0.04,2.51,0.07,0.32,22.52,0.29,
15668,93,45.48,9.09,9.19,10.23,0.26,0.05,2.56,0.08,0.31,22.22,0.31,
15545,93,45.02,8.77,10.36,9.89,0.21,0.03,2.33,0.05,0.3,22.02,0.24,
15016,93,43.97,8.43,11.14,9.4,0.21,0.03,2.31,0.07,0.33,22.58,0.24,
15555,93,44.24,8.48,11.19,9.45,0.24,0.03,2.26,0.06,0.29,22.47,0.27,
15475,93,47.82,9.52,8.28,10.65,0.24,0.04,1.96,0.07,0.29,19.95,0.28,
15499,93,47.62,9.27,8.94,10.4,0.29,0.06,1.81,0.08,0.28,20.26,0.35,
15058,93,47.81,8.87,9.01,10.32,0.28,0.03,1.77,0.08,0.28,19.97,0.31,
15076,93,48.8,9.3,9.46,10.82,0.26,0.03,1.46,0.03,0.27,18.62,0.29,
15076,93,48.06,9.63,7.8,10.74,0.29,0.05,2.01,0.08,0.29,20.22,0.34,0.31
15118,93,47.16,10.72,6.49,11.65,0.32,0.06,2.05,0.1,0.28,20.39,0.38,
15385,93,40.72,4.81,17.66,6.48,0.15,0.06,2.68,0.08,0.32,25.27,0.21,
15386,93,50.83,14.77,8.17,9.71,0.73,0.67,2.23,0.7,0.16,10.55,1.4,
15256,96,44.9,8.97,9.82,9.87,0.274,0.045,2.46,0.067,0.282,21.85,0.319,
15668,96,44.6,8.81,10.13,9.71,0.234,0.043,2.43,0.064,0.281,22.32,0.277,
15675,96,44.7,9.19,9.28,9.94,0.243,0.046,2.55,0.07,0.283,22.3,0.289,
15676,96,44.7,9.16,9.51,9.93,0.248,0.044,2.55,0.064,0.283,22.32,0.292,
15674,96,44.6,9.17,9.45,9.97,0.243,0.044,2.54,0.067,0.283,22.28,0.287,
15119,96,44.9,8.96,9.38,10.04,0.264,0.048,2.57,0.072,0.281,22.23,0.312,
15556,96,45.7,9.48,8.15,10.56,0.257,0.047,2.62,0.07,0.28,21.67,0.304,
15556,96,45.7,9.24,8.67,10.38,0.273,0.046,2.58,0.07,0.281,21.89,0.319,
15529,96,45.7,9.19,8.91,10.27,0.244,0.044,2.58,0.068,0.286,21.84,0.288,
15557,96,44.8,9.01,9.61,9.98,0.252,0.044,2.55,0.063,0.284,22.02,0.296,
15598,96,45.2,8.82,9.7,9.89,0.22,0.043,2.55,0.063,0.284,22.38,0.263,
15545,96,45,8.65,10.51,9.65,0.223,0.044,2.31,0.064,0.282,22.14,0.267,
15535,96,45.1,8.49,11.17,9.37,0.222,0.041,2.25,0.059,0.281,22.47,0.263,
15536,96,44.1,8.11,10.99,9.24,0.217,0.043,2.39,0.065,0.289,23.05,0.26,
15683,96,44.5,8.99,10.33,9.62,0.235,0.042,2.41,0.064,0.284,22.03,0.277,
15647,96,44.4,9,10.04,9.65,0.222,0.044,2.44,0.065,0.283,22.36,0.266,
15607,96,45.2,9.01,9.95,9.83,0.237,0.044,2.45,0.065,0.281,22.23,0.281,
15379,96,44.9,8.76,10.07,9.72,0.22,0.045,2.42,0.065,0.283,22.34,0.265,
15016,96,44.6,8.54,11.22,9.37,0.222,0.043,2.24,0.068,0.28,21.74,0.265,
15630,96,44.1,8.84,11.5,9.2,0.229,0.042,2.26,0.067,0.281,21.62,0.271,
15622,96,44.1,8.58,11.75,9.02,0.242,0.044,2.27,0.069,0.282,22.15,0.286,
15672,96,44.7,9.54,11.65,9.26,0.228,0.038,2,0.062,0.273,20.97,0.266,
15546,96,44.8,8.55,10.43,9.59,0.232,0.046,2.43,0.069,0.282,22.4,0.278,
15547,96,44.3,8.29,11.35,9.26,0.216,0.044,2.3,0.069,0.283,22.75,0.26,
15555,96,44.5,8.21,11.16,9.22,0.228,0.042,2.3,0.065,0.282,22.75,0.27,
15555,96,45,9.16,11.32,9.47,0.234,0.036,2.02,0.053,0.275,21.49,0.27,
15636,96,44.6,9.44,11.39,9.4,0.234,0.038,1.98,0.053,0.272,21.26,0.272,
15256,96,44.2,8.8,9.6,9.9,0.26,0.04,2.43,0.11,0.28,21.9,0.3,
15668,96,45.1,9.2,10,9.9,0.24,0.05,2.56,0.06,0.28,21.9,0.29,
15675,96,45.3,9.5,9.1,9.9,0.23,0.05,2.57,0.07,0.28,21.8,0.28,
15676,96,44.5,9.1,10.3,9.6,0.23,0.04,2.41,0.06,0.28,21.9,0.27,
15674,96,44.7,9.7,9.3,9.9,0.25,0.05,2.61,0.08,0.28,21.9,0.3,
15119,96,44.8,8.9,9.2,10.1,0.25,0.05,2.55,0.1,0.29,22.2,0.3,
15556,96,44.7,9.6,7.8,10.6,0.28,0.04,2.6,0.09,0.29,21.4,0.32,
15556,96,44.8,9.5,8.5,10.5,0.3,0.05,2.63,0.09,0.24,21.3,0.35,
15529,96,44.6,9.3,8.7,10.3,0.25,0.05,2.68,0.09,0.28,21.6,0.3,
15557,96,44.9,9.1,9.3,10,0.25,0.05,2.62,0.07,0.3,22.2,0.3,
15598,96,44.4,8.8,9.6,10,0.25,0.05,2.55,0.08,0.27,22.2,0.3,
15598,96,45.1,8.5,9.8,10.2,0.23,0.03,2.45,0.05,0.28,22.6,0.26,
15545,96,44.6,8.8,10.4,9.7,0.23,0.04,2.39,0.08,0.28,22,0.27,
15535,96,44.2,8.6,10.8,9.4,0.23,0.04,2.31,0.09,0.28,22.1,0.27,
15536,96,44.5,8.4,10.9,9,0.23,0.05,2.31,0.06,0.28,23,0.28,
15536,96,44.4,7.7,11.1,9.5,0.25,0.04,2.3,0.04,0.31,23.2,0.29,
15683,96,45.4,9.3,9.5,10,0.24,0.05,2.5,0.07,0.28,22,0.29,
15647,96,44.7,9.1,10.3,9.6,0.29,0.04,2.36,0.11,0.33,21.6,0.33,
15607,96,45,9.2,9.9,9.9,0.31,0.05,2.42,0.09,0.26,21.1,0.36,
15379,96,44.4,8.8,9.9,9.7,0.23,0.04,2.48,0.09,0.28,22,0.27,
15016,96,44.3,8.8,11,9.4,0.21,0.04,2.25,0.09,0.29,21.3,0.25,
15630,96,43.8,8.9,11,9.2,0.31,0.04,2.26,0.12,0.26,21.4,0.35,
15622,96,43.7,8.4,11.5,9,0.24,0.04,2.24,0.11,0.3,22,0.28,
15672,96,44.3,9.8,11.4,9.2,0.23,0.04,2.12,0.06,0.27,21.2,0.27,
15546,96,44.8,8.7,10.5,9.5,0.18,0.04,2.5,0.05,0.29,22.1,0.22,
15546,96,45.2,8.2,10.8,9.8,0.23,0.03,2.41,0.04,0.3,22.5,0.26,
15547,96,44.7,8.4,11.3,9.4,0.21,0.04,2.43,0.05,0.29,22.4,0.25,
15547,96,44.3,8,11.5,9.4,0.21,0.03,2.22,0.06,0.28,22.7,0.24,
15555,96,43.7,8.3,11.1,9.2,0.22,0.04,2.45,0.1,0.28,22.6,0.26,
15555,96,44.8,8.6,11.2,9.5,0.26,0.04,2.06,0.1,0.28,22,0.3,
15636,96,45.2,9.6,11.2,9.5,0.26,0.04,2,0.06,0.27,21,0.3,
15636,96,44.8,9.1,11.6,9.6,0.23,0.03,1.93,0.03,0.27,21.2,0.26,
15265,95,44.93,9.07,7.23,11.44,0.28,0.02,2.34,,,24.23,0.296016048,
15299,95,46.22,9.07,7.23,12.94,0.24,0.05,2.22,,,24.37,0.283695502,
15299,95,42.79,5.86,13.95,8.62,0.18,0.02,1.42,,,25.96,0.208958204,
15495,95,,9.07,,12.44,0.32,0.09,2.84,,,25.96,0.414826807,
15495,95,47.93,8.69,6.46,11.94,0.31,0.1,2.25,,,24.66,0.410424305,
15536,95,,8.88,9.68,11.44,0.27,0.05,2.32,,,27.11,0.326763407,
15536,95,,7.56,8.39,10.95,0.24,0.05,2.69,,,26.97,0.289087412,
15085,106,46.39,5.79,8.2,9.12,0.21,0.07,3.07,0.09,0.37,26.75,0.28,0.67
15256,106,45.32,9.2,9.45,10.17,0.3,0.12,2.54,0.07,0.35,22.51,0.42,0.31
15471,106,46.43,13.43,11.15,10.58,0.37,0.17,1.61,0.11,0.26,16.2,0.54,0.35
15471,106,46.22,15.35,10.11,10.77,0.36,0.18,1.65,0.12,0.23,14.51,0.54,0.28
15475,106,48.32,9.23,9.54,10.33,0.27,0.05,1.57,0.05,0.31,20.17,0.32,0.66
15476,106,48.46,9.54,8.69,10.5,0.28,0.07,1.75,0.05,0.28,20.76,0.35,0.43
15535,106,44.46,8.68,11.27,9.2,0.28,0.04,2.19,0.06,0.33,23.8,0.32,0.57
15555,106,44.75,8.67,11.48,9.14,0.24,0.05,2.07,0.05,0.3,23.4,0.29,0.61
15556,106,46.18,9.85,8.03,10.72,0.3,0.09,2.64,0.07,0.32,21.7,0.39,0.77
15065,174,47.7,6.05,9.52,9.33,0.27,0.081,2.86,0.119,0.307,23.77,0.351,0.54
15065,174,48.2,10.32,10.35,9.55,0.33,0.041,1.44,0.104,0.234,18.46,0.371,0.47
15555,174,45,9.37,12.22,9.25,0.26,0.028,1.6,0.066,0.261,21.18,0.288,0.47
15076,173,48.82,8.31,9.43,10.3,0.4,0.08,1.83,0.05,0.29,20.45,0.48,0.31
15065,173,48.47,9.26,10.58,9.94,0.34,0.05,1.48,0.05,0.26,19.18,0.39,0.53
15486,173,48.25,10,8.8,10.25,0.37,0.08,1.81,0.13,0.29,19.85,0.45,0.5
15495,173,47.98,8.97,8.96,10.26,0.31,0.07,2,0.08,0.29,20.74,0.38,0.29
15065,173,47.95,5.33,10.15,9.3,0.25,0.07,2.3,0.09,0.31,23.6,0.32,0.5
15117,173,47.8,9.89,8.02,10.98,0.33,0.07,2.09,0.11,0.29,20.41,0.4,0.28
15557,173,45.74,8.88,9.43,10.29,0.27,0.05,2.55,0.07,0.28,22.35,0.32,0.45
15607,173,45.55,8.55,9.96,10.1,0.35,0.05,2.51,0.08,0.29,22.33,0.4,0.5
15659,173,45.33,8.17,12.27,8.98,0.27,0.06,2.25,0.12,0.26,22.17,0.33,0.5
15555,173,45.21,10.32,11.2,9.96,0.35,0.05,1.73,0.05,0.25,20.16,0.4,0.66
15643,173,44.8,9.08,12.2,9.48,0.27,0.05,2.01,0.09,0.28,21.28,0.32,0.49
15672,173,44.8,8.62,11.98,9.44,0.28,0.06,2.16,0.12,0.27,21.78,0.34,0.47
15379,173,44.6,8.27,10.75,9.55,0.27,0.06,2.51,0.12,0.29,22.92,0.33,0.64
15016,173,44.3,8.39,11.65,9.2,0.32,0.05,2.27,0.06,0.29,22.95,0.37,0.66
15676,173,44.1,8.76,9.82,10.1,0.31,0.06,2.66,0.11,0.28,23.03,0.37,0.47
15016,178,43.97,8.43,11.14,9.4,0.21,0.03,2.31,0.07,0.33,22.58,0.24,
15058,178,47.81,8.87,9.01,10.32,0.28,0.03,1.77,0.08,0.28,19.97,0.31,
15076,178,48.8,9.3,9.46,10.82,0.26,0.03,1.46,0.03,0.27,18.62,0.29,
15256,178,44.93,8.89,9.08,10.27,0.28,0.03,2.54,0.06,0.29,22.21,0.31,
15499,178,47.62,9.27,8.94,10.4,0.29,0.06,1.81,0.08,0.28,20.26,0.35,
15555,178,44.24,8.48,11.19,9.45,0.24,0.03,2.26,0.06,0.29,22.47,0.27,0.7
15556,178,45.11,9.43,7.73,10.83,0.26,0.03,2.76,0.08,0.29,22.25,0.29,
15058,181,49.6,9.3,8.49,10.6,0.305,0.061,2.08,,,20.1,0.366,
15116,181,51,9.94,7.87,9.57,0.335,0.06,1.78,,,20,0.395,
15125,181,48.4,9.11,9.19,8.04,0.351,0.053,1.8,,,20.3,0.404,
15380,181,46.1,8.33,10.2,9.85,0.258,0.057,2.55,,,22.8,0.315,
15535,181,45.3,8.37,11.2,9.68,0.267,0.044,2.15,,,22.9,0.311,
15597,181,48,9.55,9.06,10.4,0.317,0.078,1.84,,,20.6,0.395,
15606,181,47.7,8.72,10,9.56,0.257,0.053,2.51,,,22,0.31,
15633,181,44.1,7.2,10.7,9.09,0.305,0.056,3.04,,,25,0.361,
15647,181,46.2,7.86,10.4,9.67,0.275,0.047,3.01,,,23.9,0.322,
15658,181,46.5,9.11,10,10,0.257,0.049,2.69,,,22.5,0.306,
15563,181,46.5,8.73,10.4,10.6,0.261,0.046,2.39,,,21.8,0.307,
15665,181,44.4,8.25,10.3,9.42,0.298,0.046,2.64,,,23.4,0.344,
15678,181,46,8.9,9.76,10.1,0.264,0.039,2.56,,,22,0.303,
15682,181,48.5,9.88,7.17,10.6,0.351,0.061,2.13,,,20.6,0.412,
15683,181,45.8,8.04,9.6,9.37,0.297,0.053,2.91,,,22.8,0.35,
15688,181,47.7,9.93,9.92,9.93,0.344,0.074,2.34,,,20.8,0.418,
15386,187,50.83,17.77,8.17,9.71,0.73,0.67,2.23,0.7,0.16,10.55,1.4,0.35
15476,188,,9.17,8.29,13.85,0.35,,1.9,,0.28,19.42,0.35048,0.48
15555,188,,8.41,,10.35,0.28,,2.03,,0.3,22.12,0.28308,0.7
15556,188,,9.24,,9.93,0.28,,2.05,,0.3,21.35,0.28308,0.69
15016,189,44.3,8.39,11.65,9.2,0.32,0.05,2.27,0.06,0.29,22.95,0.37,0.66
15065,189,47.95,5.33,10.15,9.3,0.25,0.07,2.3,0.09,0.31,23.6,0.32,0.5
15065,189,48.47,9.26,10.58,9.94,0.34,0.05,1.48,0.05,0.26,19.18,0.39,0.53
15076,189,48.82,8.31,9.43,10.3,0.4,0.08,1.83,0.05,0.29,20.45,0.48,0.31
15117,189,47.8,9.89,8.02,10.98,0.33,0.07,2.09,0.11,0.29,20.41,0.4,0.28
15379,189,44.6,8.27,10.75,9.55,0.27,0.06,2.51,0.12,0.29,22.92,0.33,0.64
15495,189,47.98,8.97,8.96,10.26,0.31,0.07,2,0.08,0.29,20.74,0.38,0.29
15555,189,45.21,10.32,11.2,9.96,0.35,0.05,1.73,0.05,0.25,20.16,0.4,0.66
15557,189,45.74,8.88,9.43,10.29,0.27,0.05,2.55,0.07,0.28,22.35,0.32,0.45
15607,189,45.55,8.55,9.96,10.1,0.35,0.05,2.51,0.06,0.29,22.33,0.4,0.5
15643,189,44.8,9.08,12.2,9.48,0.27,0.05,2.01,0.09,0.28,21.28,0.32,0.49
15659,189,45.33,8.17,12.27,8.98,0.27,0.06,2.25,0.12,0.26,22.17,0.33,0.5
15672,189,44.8,8.62,11.98,9.44,0.28,0.06,2.16,0.12,0.27,21.78,0.34,0.47
15676,189,44.1,8.76,9.82,10.1,0.31,0.06,2.66,0.11,0.28,23.03,0.37,0.47
15271,192,46.73,16.19,10.48,11.23,0.53,0.19,1.42,0.21,0.17,12.19,0.72,0.58
15545,192,45.72,8.3,10.39,9.62,0.28,0.04,2.4,0.11,0.3,21.99,0.32,0.63
15555,192,44.22,7.54,11.11,9.18,0.29,0.04,2.36,0.06,0.29,24.24,0.33,0.73
15557,192,45.06,8.82,9.52,10.05,0.34,0.04,2.43,0.07,0.29,22.5,0.38,0.67
15065,195,47.02,9.32,10.6,9.57,0.26,0.042,1.53,,,19.25,0.302,
15065,195,47.4,9.53,10.52,9.71,,0.05,1.57,0.06,0.255,18.91,0.05,0.68
15065,195,,,,,0.19,,,,0.27,,0.19,0.57
15065,195,47.31,9.15,10.95,9.31,,,1.42,0.09,0.27,19.34,0,
15065,195,,,,8.9,,0.06,1.65,,0.24,,0.06,0.68
15556,195,,9.41,7.85,10.41,0.26,0.043,2.65,,0.29,21.62,0.303,
15556,195,46.6,9.36,8.29,10.58,,0.05,2.68,0.08,0.25,21.72,0.05,0.64
15556,195,47,,,10.55,0.18,0.06,,,0.27,,0.24,0.61
15556,195,44.99,9.54,8.11,10.64,,0.08,2.65,0.09,0.28,21.51,0.08,
15556,195,,,,10.5,,0.05,2.72,,0.23,,0.05,0.63
15557,196,45.01,8.84,9.38,9.99,0.25,0.045,2.53,0.071,0.284,22.68,0.295,0.58
15495,196,48,9.57,8.42,10.43,,0.062,1.8,0.09,0.261,20.07,0.062,0.51
15058,196,48.47,8.9,9.56,10.23,0.28,0.038,1.6,0.049,0.274,19.75,0.318,0.66
15085,99,46.61,7.13,7.9,9.68,0.26,0.059,2.63,0.107,0.297,24.38,0.319,0.613
15085,99,47.73,9.92,8.84,10.63,0.33,0.035,1.96,0.064,0.259,19.69,0.365,0.521
15476,99,47.84,10.02,8.35,10.74,0.35,0.043,1.82,0.081,0.261,19.79,0.393,0.467
15065,97,49.01,12.66,8.75,,,,1.37,,,17.49,0,
15065,97,,,,10.77,,,1.43,,,18,0,
15065,97,48.9,12.85,8.82,11.28,,,1.28,,,17.37,0,
15475,97,49.01,9.83,8.27,,,,,,,19.8,0,
15475,97,,,,10.21,,,,,,19.8,0,
15475,97,48.81,9.7,8.44,10.81,,,1.75,,,19.89,0,
15495,97,49.01,9.09,9.67,,,,1.47,,,19.29,0,
15495,97,,,,,,,1.55,,,19.1,0,
15495,97,48.73,9.66,9.67,10.44,,,1.53,,,19.51,0,
15065,98,48.66,9.17,10.57,9.7,0.36,0.11,1.55,,,19.07,0.47,0.82
15555,98,45.86,8.29,11.55,9.24,0.34,0.09,2.4,,,23.45,0.43,0.69
15557,100,45.01,8.84,9.38,9.99,0.25,0.045,2.53,0.071,0.284,22.68,0.295,0.58
15495,100,48,9.57,8.42,10.43,,0.062,1.8,0.09,0.261,20.07,0.062,0.51
15058,100,48.47,8.9,9.56,10.23,0.28,0.038,1.6,0.049,0.274,19.75,0.318,0.66
15116,251,49.2,10.2,7.3,10.4,0.38,0.02,1.16,0.04,0.22,19,0.4,0.32
15118,251,48.7,9.7,7,9.9,0.39,0.08,2.1,0.09,0.27,21.1,0.47,0.26
15682,251,48,10.5,7.3,11.3,0.45,0.09,2.15,0.08,0.26,21,0.54,0.34
15125,251,47.5,8.3,9.4,9.3,0.33,0.05,2.27,0.08,0.27,22.3,0.38,0.54
15666,251,46.9,9.2,9.5,9.7,0.37,0.02,1.97,0.08,0.25,21.3,0.39,0.44
15684,251,47.7,8.4,10.8,8.9,0.33,0.05,1.45,0.03,0.29,21.5,0.38,0.55
15665,251,46.7,10.2,7.7,10.6,0.39,0.06,2.94,0.09,0.28,21.7,0.45,0.65
15105,251,45.9,8.2,9,10.2,0.32,0.03,2.97,0.09,0.24,22.7,0.35,0.35
15676,251,44.2,8.9,9.2,9.5,0.31,0.01,3,0.08,0.27,22.4,0.32,0.37
15678,251,45.5,9.4,9,10.3,0.38,0.05,2.64,0.08,0.3,22.6,0.43,0.48
15607,251,44.6,8.8,9.7,9.8,0.33,0.02,2.58,0.09,0.24,22.3,0.35,0.44
15669,251,44.3,8,10.1,9.4,0.31,0.03,3.1,0.07,0.28,24.3,0.34,0.36
15697,251,44.8,9,10.5,8.8,0.33,0.04,2.35,0.07,0.26,23.6,0.37,0.44
15672,251,44.7,10.4,9.3,9.9,0.38,0.03,2.75,0.09,0.27,21.6,0.41,0.55
15610,251,44.8,7.8,10.7,9.6,0.28,0.06,2.86,0.18,0.25,22.9,0.34,0.5
15663,251,44.5,8.4,10.3,10.1,0.37,0.08,2.89,0.07,0.26,22.2,0.45,0.59
15641,251,44.4,10.1,10.2,9.7,0.37,0.06,2.18,0.07,0.24,21.3,0.43,0.44
15620,251,44.9,9.7,10.9,9.6,0.36,0.04,2.63,0.13,0.28,21.9,0.4,0.4
15617,251,45.7,8,11.8,9.2,0.28,0.01,2.03,0.06,0.25,22.6,0.29,0.42
15633,251,46.4,8.5,12.7,8.6,0.27,0.02,1.28,0.05,0.28,22.2,0.29,0.47
15613,251,44.1,9.6,10.4,9.4,0.34,0.04,2.66,0.06,0.24,22.9,0.38,0.44
15643,251,45.4,7.2,12.5,8.6,0.25,0.03,1.87,0.07,0.27,23.7,0.28,0.46
15651,251,43.7,8.9,10.9,9,0.25,,3.1,0.04,0.25,23.9,0.25,0.34
15623,251,45.1,8.6,11.4,9.5,0.3,0.02,1.46,0.17,0.22,23.1,0.32,0.6
15615,251,43.8,9.2,11.3,9,0.32,0.03,2.37,0.05,0.26,23.4,0.35,0.5
15385,251,41.4,8.8,16.9,7.3,0.32,,1.99,0.03,0.24,21.2,0.32,0.81
15387,251,41.8,7.7,18.1,7,0.28,0.01,1.44,0.04,0.28,23.9,0.29,0.54
15388,251,45.7,10.9,10.1,9.7,0.39,,2.57,0.02,0.2,17.2,0.39,0.29
15016,252,43.87,8.32,11.44,,,,3,,0.27,21.73,0,
15058,252,46.65,9.07,10.78,10.07,0.43,,2.34,,0.26,19.03,0.43136,
15555,252,45.15,9.45,0.17,,0.39,,2.34,,0.26,20.96,0.39092,
15555,252,43.01,8.51,10.11,,0.39,,2.84,,0.27,21.73,0.39092,
15007,37,49.42,19.84,5.94,13.93,0.868,0.505,1.42,,,8.8,1.372996508,
15007,37,50.92,18.52,6.2,12.6,0.854,0.543,1.53,,,9.52,1.396747859,
15016,258,,8.8,11,9,0.251,0.041,2.1,,0.26,21.8,0.292,0.857
15659,258,,8,13,9.1,0.232,0.042,2.4,,0.28,22,0.274,0.85
15495,258,,8.4,8,10.6,0.271,0.062,1.6,,0.274,22,0.333,0.581
15607,258,,8.9,10,10.2,0.251,0.044,2.4,,0.272,23.7,0.295,0.544
15643,258,,10,13,9,0.271,0.018,1.1,,0.257,23.1,0.289,0.444
15672,258,,8.7,12,8.6,0.243,0.035,2.1,,0.266,22.5,0.278,0.644
15676,258,,9.5,8,10.7,0.275,0.048,2.7,,0.268,22.5,0.323,0.495
15379,258,,9.3,10,9.1,0.278,0.049,2.3,,0.269,22.6,0.327,0.594
15076,259,,,7.75,,0.3,,1.9,,,18.5,0.3,
15256,259,,,9.03,9.93,0.26,,2.47,,,22.2,0.26,
15475,259,,,8.31,,0.33,,1.66,,,,0.33,
15545,259,,,9.45,,0.283,,2.35,,,22,0.283,
15682,259,,,7.94,,0.39,,2.25,,,18.2,0.39,
15103,259,,12.5,6.45,11.5,0.34,,,,,,0.34,
15304,259,,15.6,8.49,9.94,0.71,,1.85,,,10.3,0.71,
15273,259,,,7.8,9.6,0.93,,2.05,,,10,0.93,
15273,259,,,7.6,6.5,0.76,,2.12,,,9.7,0.76,
25382,259,,14.9,7.4,7.1,0.85,,2.17,,,9.2,0.85,
15314,259,,16.7,8.55,7.67,0.68,,2.02,,,10.4,0.68,
15273,259,,23.2,10.9,10.4,0.61,,0.53,,,6.2,0.61,
15085,282,46.61,7.13,7.9,9.68,0.26,0.059,2.63,0.107,0.297,24.38,0.319,0.613
15085,282,47.73,9.92,8.84,10.63,0.33,0.035,1.96,0.064,0.259,19.69,0.365,0.521
15476,282,47.84,10.02,8.35,10.74,0.35,0.043,1.82,0.081,0.261,19.79,0.393,0.467
15465,286,49.2,15.5,12.5,9.5,0.63,0.48,1.2,0.28,0.15,7.9,1.11,0.3
15947,286,49,18.1,9,10.3,0.86,0.53,0.51,0.35,0.1,7.3,1.39,0.26
15947,286,52.4,19.3,6,10.6,1.12,0.6,1.87,0.27,0.05,5.7,1.72,0.18
15465,286,49.8,16,8.2,10.4,0.97,0.6,1.73,0.29,0.1,8,1.57,0.22
15966,286,52.2,16.9,6.9,10.2,0.96,0.62,1.69,0.79,0.14,8,1.58,0.24
15465,286,50.8,20.2,7.2,11.7,1.04,0.7,1.46,0.44,0.06,6.9,1.74,0.17
15966,286,52.3,22.4,4.2,12.1,1.18,0.74,0.82,0.19,0.04,4.3,1.92,0.1
15465,286,52.4,21.2,3,12.5,1.2,0.83,0.74,0.54,0.09,5.2,2.03,0.1
15969,286,51,22.3,2.9,12.5,0.9,1.07,0.95,0.25,0.07,5.2,1.97,0.1
15003,287,,9.2,18.9,8,0.241,0.033,1.8,,,23.3,0.274,
15003,287,,8,10,8.6,0.209,0.037,1.6,,,22.1,0.246,
15003,287,,9.9,9.4,10.5,0.271,0.035,3.3,,,21.1,0.306,
15003,287,,9.2,11.9,9.7,0.275,0.011,2.6,,,22.9,0.286,
15003,287,,16.3,19.5,10.5,0.239,,1.6,,,17.7,0.239,
15003,287,,7.4,11.6,9.4,0.257,0.048,2.2,,,23.1,0.305,
15003,287,,12.9,11.5,9.6,0.324,,0.6,,,16.5,0.324,
15003,287,,8.7,10.6,8.3,0.277,0.039,2.2,,,24.3,0.316,
15003,287,,10.7,8.9,10.2,0.249,0.047,2,,,18.4,0.296,
15003,287,,10.7,11.1,9.8,0.295,0.039,1.9,,,20.4,0.334,
15003,287,,11.1,9.3,9.9,0.207,0.033,0.8,,,19.7,0.24,
15003,287,,15.7,9.7,10.2,0.82,0.55,2.6,,,10.2,1.37,
15003,287,,15,9.1,9.3,0.81,0.49,2.2,,,10.5,1.3,
15003,287,,15.3,8.9,9.9,0.88,0.57,2.2,,,9.8,1.45,
15003,287,,16.3,9.5,8.5,0.84,0.48,1.8,,,10.4,1.32,
15003,287,,16.1,6.9,9,0.99,0.71,2.1,,,9.8,1.7,
15003,287,,15.3,6.8,9,0.94,0.69,2.3,,,10,1.63,
15003,287,,15.5,6.4,9.3,0.91,0.69,2.2,,,10.5,1.6,
15485,58,47.39,9.14,9.48,10.21,0.28,0.031,1.77,0.084,0.268,19.82,0.311,0.575
15499,58,47.93,8.88,9.93,10.23,0.29,0.028,1.73,0.083,0.27,19.84,0.318,0.617
15105,289,,8.5,9.3,8.9,0.358,0.047,3,,0.285,21.8,0.405,0.59
15118,289,,10.6,7.7,10.1,0.354,0.065,2,,0.254,24,0.419,0.58
15385,289,,6.8,18.2,6.8,0.216,0.033,1.7,,0.235,23.1,0.249,0.735
15388,289,,12.8,7.7,10.5,0.416,0.032,5.1,,0.222,17.6,0.448,0.343
15607,289,,9,9.9,8.9,0.263,0.048,2.4,,0.274,23.3,0.311,0.583
15607,289,,9,9.9,8.9,0.274,0.046,2.6,,0.274,23.1,0.32,0.57
15620,289,,8.8,11.1,8.9,0.259,0.044,2.3,,0.258,23.5,0.303,0.645
15633,289,,8.8,11.1,9.3,0.247,0.033,2.2,,0.269,23,0.28,0.598
15666,289,,10.3,7.2,10.2,0.372,0.063,2.3,,0.265,21.3,0.435,0.485
15672,289,,9,11.9,9.1,0.263,0.035,2.2,,0.264,21.2,0.298,0.567
15672,289,,8.4,12.2,9.2,0.245,0.032,1.9,,0.263,21.1,0.277,0.512
15676,289,,8.5,9.1,9.3,0.275,0.042,2.6,,0.267,21.7,0.317,0.351
15003,289,,10.7,8.9,10.2,0.25,0.047,2,,0.268,18.4,0.297,0.616
15003,289,,8,10,8.6,0.249,0.037,1.6,,0.26,22.1,0.286,0.735
15003,289,,9.9,9.4,10.5,0.413,0.035,3.3,,0.274,21.1,0.448,0.465
15003,289,,10.7,11.1,9.8,0.298,0.039,1.9,,0.262,20.5,0.337,0.645
15003,289,,16.3,19.5,10.5,0.22,,1.6,,0.246,17.8,0.22,0.599
15003,289,,9.2,11.9,9.7,0.384,0.011,2.6,,0.278,22.9,0.395,0.623
15003,289,,7.4,11.6,9.4,0.222,0.048,2.2,,0.283,23.2,0.27,0.577
15003,289,,9.2,18.9,8,0.214,0.032,1.8,,0.268,23.3,0.246,0.825
15003,289,,12.9,11.5,9.6,0.344,,0.6,,0.227,16.5,0.344,0.587
15003,289,,9.5,11.3,9.9,0.371,0.037,1.9,,0.262,22.9,0.408,0.609
15003,289,,10,13.3,10.8,0.284,0.039,2.6,,0.292,21.9,0.323,0.731
15003,289,,8.7,10.6,8.3,0.239,0.039,2.2,,0.252,24.3,0.278,0.599
15003,,,11.1,9.3,9.9,0.194,0.032,0.8,,0.251,19.7,0.226,0.359
15382,290,52.4,17.8,7.1,9.9,0.96,0.57,1.78,0.55,0.1,8.6,1.53,0.21
15382,290,,14.9,7.4,7.1,0.85,,2.17,,,9.2,0.85,
SAO 465,291,49.2,15.5,12.5,9.5,0.63,0.48,1.2,,0.15,7.9,1.11,0.3
15003,291,49.2,15.7,9.7,10.2,0.87,0.55,2.6,,0.14,10.2,1.42,0.29
15386,291,50.8,14.77,8.17,9.71,0.73,0.67,2.23,,0.16,10.55,1.4,0.31
15434,291,52.1,17,6.3,10.3,0.58,0.73,2.3,,0.23,11.1,1.31,0.3
SAO 490,291,51.6,12.9,5.6,8.5,0.98,1.7,2.6,,,11.9,2.68,0.31
15417,291,53.4,11.2,3.8,10,1.2,1.7,3.5,,,12.8,2.9,
15405,291,57.4,13.2,3.4,9,1,1.9,1.1,,,11.2,2.9,0.18
15263,330,,15.3,9.6,9.4,0.74,0.54,1.7,,0.14,9.9,1.28,0.355
15303,330,,15.7,10.2,9.3,0.7,0.48,1.6,,0.126,9.2,1.18,0.34
15304,330,,15.1,9.2,9.3,0.74,0.5,1.7,,0.136,10,1.24,0.34
15314,330,,15,9.9,10.2,0.49,0.25,1.3,,0.155,12.1,0.74,0.33
15434,330,,14.6,8.8,9,0.81,0.56,1.9,,0.15,10.4,1.37,0.35
15423,331,,,,10,0.85,0.57,,,,10.5,1.42,
15423,331,,,,9.5,0.877,0.68,,,,10.4,1.557,
15423,331,,,,9.3,0.849,0.49,,,,10.1,1.339,
15459,332,,6.8,18.4,6.1,0.193,,1.9,,,23.3,0.193,
15459,332,,,,6.1,0.165,,,,,23.5,0.165,
15459,332,,5.3,17.8,5.1,0.155,,2.44,,,24.7,0.155,
15459,332,,,,7.6,0.19,,2,,,,0.19,
15536,335,44.6,7.46,11.89,9.23,0.22,0.02,2.05,0.04,0.29,23.56,0.24,0.69
15536,335,44.7,7.7,11.36,9.42,0.21,0.04,2.23,0.04,0.29,23.02,0.25,0.65
15536,335,44.4,7.66,11.11,9.53,0.25,0.04,2.3,0.04,0.31,23.24,0.29,0.6
15537,335,44.6,7.28,13,9.09,0.2,0.03,2.18,0.05,0.31,22.31,0.23,0.7
15537,335,44.5,7.17,12.96,8.77,0.21,0.03,2.31,0.06,0.32,23.07,0.24,0.72
15538,335,44.8,8.9,11.5,9.65,0.26,0.02,1.82,0.06,0.3,21.67,0.28,0.58
15538,335,45.5,8.78,11.01,10.16,0.25,0.02,2,0.03,0.3,21.44,0.27,0.58
15546,335,45.3,9.54,10.96,10.05,0.29,0.02,1.9,0.05,0.29,20.72,0.31,0.64
15546,335,45.1,8.03,11.85,9.78,0.25,0.02,2.07,0.03,0.27,21.44,0.27,0.67
15546,335,45.2,8.15,10.75,9.83,0.23,0.03,2.41,0.04,0.3,22.54,0.26,0.58
15547,335,42.5,5.48,10.68,8.52,0.2,0.05,3.21,0.11,0.34,28.21,0.25,0.62
15547,335,45.2,9.38,11.78,9.79,0.28,0.02,1.73,0.03,0.31,20.68,0.3,0.63
15547,335,44.3,8.03,11.46,9.4,0.21,0.03,2.22,0.06,0.28,22.65,0.24,0.64
15548,335,45,8.65,9.72,10.29,0.27,0.03,2.39,0.07,0.3,22.13,0.3,0.6
15548,335,44.6,8.13,9.84,9.95,0.25,0.04,2.63,0.06,0.28,22.96,0.29,0.55
15598,335,44.7,7.92,10.35,9.66,0.24,0.03,2.48,0.04,0.32,23.42,0.27,0.66
15598,335,45.3,8.19,9.39,10.21,0.25,0.03,2.65,0.06,0.31,22.74,0.28,0.49
15598,335,45.1,8.47,9.82,10.16,0.23,0.03,2.45,0.05,0.28,22.56,0.26,0.54
15605,335,44.9,8.55,10.22,10.05,0.25,0.04,2.27,0.05,0.3,22.23,0.29,0.64
15605,335,45.1,7.73,10.7,9.8,0.22,0.03,2.27,0.06,0.33,22.77,0.25,0.6
15636,335,45.3,6.73,11.08,9.45,0.17,0.03,2.26,0.04,0.32,23.99,0.2,0.59
15636,335,42.3,5.01,10.36,8.54,0.16,0.05,3.6,0.1,0.34,28.77,0.21,0.59
15636,335,44.8,9.14,11.6,9.63,0.23,0.03,1.93,0.03,0.27,21.22,0.26,0.61
15434,337,56.9,6.4,4.7,8.3,0.56,2.17,1.13,1.33,0.28,17.8,2.73,0.17
15434,337,56,9.8,5.5,10.5,0.66,0.72,1.11,0.29,0.27,14.7,1.38,0.27
15434,337,56.2,9.8,5,10.1,0.71,0.53,0.93,0.25,0.27,14.2,1.24,
15434,337,51.6,16.4,9.2,9.8,0.8,0.55,1.92,0.47,0.14,10,1.35,0.31
15474,401,44.58,9.54,9.26,10.57,0.34,0.05,2.5,,0.27,22.16,0.39,0.85
15474,401,45.53,9.98,8.87,10.65,0.37,0.05,2.45,,0.26,21.55,0.42,0.4
15474,401,46.4,8.47,9.52,9.55,0.01,0.04,2.46,,0.31,22.1,0.05,0.59
64815,259,,17.6,11.6,11.9,0.47,,1.66,,,9.5,0.47,
62235,259,,18.5,10,11.5,0.46,,1.18,,,9.4,0.46,
60315,259,,17.7,13.3,10.1,0.55,,1.26,,,10.3,0.55,
65015,259,,23.2,9.5,12,0.59,,1.1,,,8.71,0.59,
61156,259,,22.9,9.3,13.3,0.38,,0.645,,,8,0.38,
62295,259,,20.3,14.3,10.6,0.46,,0.685,,,5.84,0.46,
61016,259,,24,11.5,13.7,0.29,,0.88,,,5.4,0.29,
63545,259,,22.04,12.3,13.3,0.38,,0.959,,,6.32,0.38,
64567,259,,21.04,11.5,13.1,0.42,,0.706,,,7.22,0.42,
60315,259,46.84,17.24,13.81,10.5,0.51,0.39,1.39,0.48,0.12,8.86,0.9,
62235,259,47.05,18.88,10.16,11.6,0.42,0.33,1.18,0.39,0.13,9.45,0.75,
65015,259,47.18,19.98,10.34,12.03,0.44,0.32,1.04,0.4,0.12,7.91,0.76,
64815,259,45.86,17.33,11.83,12.05,0.47,0.26,1.7,0.29,0.12,9.5,0.73,
62295,259,44.73,20.28,15.06,11.78,0.43,0.08,0.68,0.13,0.1,6.29,0.51,
64567,259,45.69,21.62,11.5,12.52,0.42,0.17,0.72,0.19,0.07,7.08,0.59,
63545,259,43.36,22.4,12.31,12.8,0.38,0.12,0.96,0.17,0.07,7.21,0.5,
60315,260,,16.51,11.08,10,0.62,0.373,1.13,,0.11,9.83,0.993496705,0.19
65703,397/398,,,,12.1,0.218,,0.6,,,21.4,0.218,
62243,397/398,,11.9,10.1,11.8,0.188,,0.8,,,18.66,0.188,
60053,397/398,,15.4,3.4,14.3,0.342,,2,,,17.92,0.342,
60503,397/398,,9.9,10.5,10.7,0.296,,8.7,,,18.59,0.296,
70017,202,38.07,8.79,9.81,10.3,0.4,0.04,13.1,0.05,0.27,18.07,0.44,
70215,202,37.19,8.67,8.52,10.43,0.32,0.04,13.14,0.09,0.28,19.62,0.36,
71067,203,,8.9,,,0.421,0.069,12.7,,0.254,19.5,0.49,0.408
74249,203,,9.1,,,0.439,0.074,12.7,,0.262,19.9,0.513,0.395
71156,203,,8.7,,,0.395,0.068,12.3,,0.242,18.5,0.463,0.435
74248,203,,8.9,,,0.42,0.067,12.3,,0.261,18.9,0.487,0.417
70075,203,,9.3,,,0.417,0.067,12.1,,0.253,19.4,0.484,0.409
71066,203,,8.9,,,0.406,0.041,14.2,,0.259,20.5,0.447,0.486
71065,203,,8.9,,,0.389,0.041,12.5,,0.256,19.8,0.43,0.377
79516,203,,8.4,,,0.384,0.045,12.3,,0.245,19.9,0.429,0.399
71069,203,,8.6,,,0.312,0.032,12.2,,0.246,19.1,0.344,0.474
78585,203,,9.1,,,0.396,0.041,12.2,,0.245,19.6,0.437,0.361
71046,203,,8.9,,,0.32,0.04,11.6,,0.256,19.1,0.36,0.407
71086,203,,10,,,0.381,0.05,11.6,,0.268,19.3,0.431,0.312
71037,203,,8.9,,,0.425,0.046,11.2,,0.246,19.4,0.471,0.31
71506,203,,10,,,0.376,0.052,10.7,,0.266,19.5,0.428,0.353
71505,203,,9.6,,,0.367,0.048,10.5,,0.252,19.2,0.415,0.306
71155,203,,9.2,,,0.353,0.048,10.1,,0.246,19.1,0.401,0.488
74247,203,,8.6,,,0.381,0.083,12.3,,0.238,19.4,0.464,0.643
71085,203,,7.7,,,0.333,0.032,14.2,,0.246,18.1,0.365,0.576
71068,203,,8.3,,,0.368,0.038,13.6,,0.244,18.9,0.406,0.53
70315,203,,9.3,,,0.387,0.039,13.1,,0.24,17.9,0.426,0.547
75085,203,,8.7,,,0.416,0.064,13.1,,0.249,18.8,0.48,0.471
71045,203,,8.6,,,0.39,0.044,12.7,,0.232,18.6,0.434,0.515
78509,203,,9.2,,,0.414,0.04,12.3,,0.252,19,0.454,0.388
78577,203,,8.8,,,0.416,0.051,12.1,,0.244,18.9,0.467,0.424
70137,203,,9.2,,,0.421,0.048,12,,0.226,18,0.469,0.534
78507,203,,8.8,,,0.407,0.037,11.9,,0.222,18,0.444,0.536
70136,203,,11.1,,,0.486,0.045,11.3,,0.218,17.2,0.531,0.492
79515,203,,9.1,,,0.385,0.048,10.2,,0.275,18.7,0.433,0.439
70138,207,,8.5,,,0.39,0.05,12.5,,0.237,17.9,0.44,
70145,207,,7.8,,,0.36,0.08,13.5,,0.256,19,0.44,
70146,207,,7.6,,,0.36,0.05,13.1,,0.255,19.6,0.41,
70147,207,,8.4,,,0.39,0.06,13,,0.231,17.9,0.45,
70165,207,,8.4,,,0.38,0.06,12.7,,0.247,17.9,0.44,
71048,207,,8.7,,,0.39,0.07,12.9,,0.253,18.3,0.46,
71049,207,,8.2,,,0.39,0.07,12.5,,0.249,17.8,0.46,
71087,207,,8.1,,,0.39,0.08,12.9,,0.25,18.8,0.47,
71088,207,,8.6,,,0.39,0.06,12.5,,0.26,18.5,0.45,
71095,207,,9.8,,,0.51,0.12,7.7,,0.257,18.9,0.63,
71096,207,,7.9,,,0.36,0.06,13,,0.258,19.9,0.42,
74286,207,,8.7,,,0.38,0.06,12.2,,0.254,18.9,0.44,
75065,207,,8.3,,,0.38,0.06,12.7,,0.247,18.8,0.44,
75086,207,,8,,,0.36,0.09,12.5,,0.245,19.5,0.45,
75087,207,,7.4,,,0.34,0.05,13.4,,0.254,19.2,0.39,
79265,207,,8.8,,,0.42,0.06,11.8,,0.253,19.2,0.48,
70139,207,,8.3,,,0.36,0.04,13.1,,0.232,17.6,0.4,
70148,207,,8.1,,,0.36,0.05,12.5,,0.237,18.2,0.41,
70155,207,,10.2,,,0.44,0.03,12.4,,0.232,17.2,0.47,
70156,207,,9.5,,,0.39,0.05,13.4,,0.239,18,0.44,
70157,207,,9.8,,,0.44,0.06,13.4,,0.237,17.1,0.5,
71047,207,,8.5,,,0.39,0.04,12.9,,0.238,17.8,0.43,
71089,207,,9.2,,,0.43,0.06,11.3,,0.245,17.6,0.49,
71097,207,,8.9,,,0.42,0.06,12,,0.259,19.6,0.48,
71157,207,,8.5,,,0.36,0.03,12.6,,0.259,19.5,0.39,
70017,208,,9.47,,,0.4,0.045,13.73,,0.25,18.26,0.448985,0.52
70215,208,,9.11,,,0.43,0.048,13.23,,0.27,19.03,0.47956,0.37
71055,208,,9.32,,,0.42,0.043,14.36,,0.26,19.03,0.46126,0.41
74275,208,,8.64,,,0.34,0.07,13.09,,0.25,18,0.40689,0.6
75035,208,,9.68,,,0.4,0.069,9.19,,0.25,18.39,0.473085,0.23
79001,209,40.6,9.3,,,0.22,0.04,9.9,0.02,0.26,18.1,0.26,0.69
79001,209,,,,,0.305,,,,,18.1,0.305,0.7
71507,210,,8.6,,,0.39,0.061,13.2,,0.253,20.6,0.451,0.435
71508,210,,8.8,,,0.4,0.077,12.1,,0.235,19.8,0.477,0.398
71525,210,,8.8,,,0.39,0.053,12.9,,0.246,20.8,0.443,0.392
71527,210,,9.1,,,0.42,0.066,12.8,,0.255,19.3,0.486,0.408
71528,210,,9.2,,,0.43,0.062,10.9,,0.248,19.2,0.492,0.33
71529,210,,8.7,,,0.42,0.081,11.9,,0.242,19.8,0.501,0.4
71535,210,,8.6,,,0.42,0.054,11.7,,0.417,19.7,0.474,0.35
71537,210,,9.7,,,0.37,0.05,10.9,,0.257,19.3,0.42,0.341
71538,210,,8.4,,,0.4,0.064,12.8,,0.251,19.7,0.464,0.43
71545,210,,8.9,,,0.41,0.055,13,,0.26,20.6,0.465,0.35
71547,210,,9.4,,,0.36,0.069,10.9,,0.256,19.7,0.429,0.44
71548,210,,8.7,,,0.41,0.057,12.4,,0.238,19.6,0.467,0.455
71549,210,,8.3,,,0.4,0.061,12.2,,0.239,20.2,0.461,0.473
71555,210,,8.9,,,0.42,0.066,13,,0.243,19.6,0.486,0.44
71556,210,,10,,,0.45,0.056,11.7,,0.236,19.9,0.506,0.355
71575,210,,9,,,0.4,0.068,12.4,,0.221,20.4,0.468,0.439
71576,210,,8.9,,,0.39,0.053,11.8,,0.242,20,0.443,0.335
71579,210,,8.9,,,0.4,0.053,12.1,,0.245,20.6,0.453,0.358
71586,210,,9.2,,,0.33,0.044,10.5,,0.248,19.7,0.374,0.486
71589,210,,9.2,,,0.34,0.05,10.7,,0.247,20,0.39,0.428
71595,210,,9.3,,,0.39,0.044,10.4,,0.247,19.6,0.434,0.416
78579,210,,8.5,,,0.37,0.064,12,,0.241,19.8,0.434,0.447
78588,210,,8.9,,,0.38,0.069,13,,0.25,20.3,0.449,0.469
78589,210,,9.2,,,0.4,0.047,12.6,,0.25,20.4,0.447,0.324
78596,210,,8.4,,,0.37,0.065,11.5,,0.24,19.5,0.435,0.424
71526,210,,9.9,,,0.46,0.055,9.8,,0.263,19.4,0.515,0.328
71536,210,,11.7,,,0.5,0.071,7.8,,0.223,16.1,0.571,0.338
71539,210,,9.8,,,0.47,0.081,8.6,,0.258,19.1,0.551,0.186
71568,210,,10.1,,,0.46,0.058,9.8,,0.249,19.4,0.518,0.247
71597,210,,7.9,,,0.29,0.027,8.4,,0.237,19.8,0.317,0.47
77516,211,,7.8,,,0.33,0.04,13.7,,0.245,20.2,0.37,0.48
71558,211,,9.1,,,0.37,0.044,13.6,,0.257,20.2,0.414,0.43
78576,211,,8.2,,,0.35,0.042,13.6,,0.228,19.1,0.392,0.605
71557,211,,9.3,,,0.41,0.057,13,,0.235,19.1,0.467,0.508
71587,211,,8.7,,,0.39,0.05,12.7,,0.24,19.2,0.44,0.405
78586,211,,8.7,,,0.41,0.055,12.5,,0.246,19.4,0.465,0.37
73219,211,,10,,,0.33,0.04,12.4,,0.244,19.3,0.37,0.36
78587,211,,8.8,,,0.37,0.046,12.21,,0.235,19.4,0.416,0.375
71588,211,,8.4,,,0.35,0.04,12,,0.244,19.9,0.39,0.419
78575,211,,9,,,0.36,0.04,11.8,,0.216,17,0.4,0.46
78597,211,,9,,,0.42,0.06,11.8,,0.24,18,0.48,0.348
71566,211,,9.4,,,0.44,0.046,11.5,,0.232,18.4,0.486,0.39
71585,211,,9.4,,,0.33,0.045,11.1,,0.243,20.2,0.375,0.478
71596,211,,9.2,,,0.38,0.044,11,,0.246,18.8,0.424,0.4
77536,211,,8,,,0.33,0.07,14.5,,0.233,18.8,0.4,0.56
71569,211,,8.5,,,0.37,0.065,13.2,,0.22,17.9,0.435,0.42
78599,211,,9.2,,,0.41,0.076,13,,0.234,20.2,0.486,0.5
71577,211,,8.8,,,0.44,0.07,12.8,,0.256,20.5,0.51,0.46
78569,211,,8.7,,,0.4,0.075,12.3,,0.239,19.3,0.475,0.4
71546,211,,9.2,,,0.38,0.072,12.1,,0.235,17.7,0.452,0.405
77535,211,,8.6,,,0.36,0.066,12.1,,0.239,19.5,0.426,0.485
71578,211,,8.4,,,0.42,0.07,11.7,,0.24,18.6,0.49,0.42
71567,211,,9.3,,,0.4,0.065,11.4,,0.23,18,0.465,0.38
78578,211,,9,,,0.4,0.07,11.2,,0.23,18.6,0.47,0.42
71565,211,,10.1,,,0.43,0.071,10.8,,0.225,17.6,0.501,0.357
78598,211,,10,,,0.44,0.075,8.9,,0.246,18.5,0.515,0.2
71559,211,,10.3,,,0.48,0.068,8.3,,0.226,17.8,0.548,0.228
70017,212,38.37,8.78,,,0.43,0.047,12.83,0.052,0.247,18.71,0.477,0.577
70215,212,37.91,8.86,,,0.38,0.041,13.08,0.114,0.264,19.96,0.421,0.431
74275,212,38.43,8.51,,,0.37,0.075,12.66,0.074,0.247,18.25,0.445,0.639
70006,214,,11.6,,,0.15,0.014,0.7,,0.243,15.5,0.164,0.93
70007,214,,10.3,,,0.147,0.013,0.4,,0.257,17,0.16,0.645
70007,214,,10.4,,,0.21,0.011,1.1,,0.267,19.2,0.221,0.938
70009,215,48.4,12.7,,,0.16,0.03,0.73,,0.34,18,0.19,0.27
70008,216,48.7,11.4,,,0.15,0.04,0.5,,0.26,19,0.19,0.6
70008,216,48.1,11.2,,,0.15,0.01,0.36,,0.26,18.2,0.16,0.6
70007,216,47.3,10.6,,,0.08,0.01,0.7,,0.27,18.1,0.09,0.71
70007,216,48.8,10,,,0.06,0.02,0.69,,0.3,17.9,0.08,0.69
70008,216,46.6,10.4,,,0.07,0.01,0.62,,0.27,18.8,0.08,0.76
70008,216,47,10.4,,,0.09,0.02,0.67,,0.3,18.9,0.11,0.87
70007,216,45.97,9.97,,,0.19,0.01,0.7,,,18.66,0.2,0.48
72275,217,48.1,14.5,,,0.5,0.59,1.12,0.42,0.25,14.4,1.09,0.32
72275,217,49.6,15.7,,,0.6,0.35,1.18,0.58,0.18,11.3,0.95,0.33
72275,217,49.4,18.1,,,0.56,0.32,0.92,0.53,0.17,8.5,0.88,0.36
72275,217,48.3,16.2,,,0.45,0.38,0.65,0.26,0.16,11.7,0.83,0.31
72275,217,50.1,14.1,,,0.38,0.37,0.83,0.29,0.21,11.5,0.75,0.36
72275,217,48,13.5,,,0.29,0.25,1.4,,0.156,15,0.54,0.46
72275,218,51.3,14.5,,,0.51,,1.54,,,13.9,0.51,
72275,218,50.7,13.7,,,0.401,,1.03,,,14,0.401,
72275,218,50.1,15.9,,,0.474,,1.2,,,12.5,0.474,
72275,218,51,13.6,,,0.409,,1.29,,,13.8,0.409,
72275,218,48.6,13.3,,,0.473,,1.48,,,15.5,0.473,
72275,218,50.1,12.5,,,0.442,,1.01,,,16.1,0.442,
72275,218,48.3,12.5,,,0.415,,1.2,,,16.5,0.415,
72275,218,47.9,13.4,,,0.438,,1.22,,,17,0.438,
72275,218,49.6,13.1,,,0.408,,1.25,,,15.9,0.408,
70135,219,,7,,,0.4,0.11,13.8,,0.27,21.8,0.51,0.506
72155,219,,8,,,0.4,0.072,12.1,,0.234,18.6,0.472,0.44
75035,219,,9,,,0.42,0.074,9,,0.236,18.8,0.494,0.221
71175,101,37.93,8.47,,,0.38,0.04,13.08,0.04,0.28,19.37,0.42,0.54
76136,101,38.6,8.65,,,0.38,0.06,12.64,0.06,0.28,19.12,0.44,0.44
78599,101,38.44,8.67,,,0.38,0.06,12.52,0.04,0.28,19.14,0.44,0.43
71546,101,39.14,8.91,,,0.4,0.05,12.33,0.05,0.28,19.11,0.45,0.41
71577,101,39.18,8.92,,,0.39,0.06,12.04,0.05,0.28,18.9,0.45,0.41
70255,101,40.11,9.02,,,0.39,0.05,11.41,0.04,0.29,18.73,0.44,0.34
71569,101,39.97,9.08,,,0.41,0.06,11.57,0.06,0.28,18.85,0.47,0.36
75015,101,41.92,10.06,,,0.48,0.06,9.56,0.05,0.29,18.77,0.54,0.17
71035,101,38.25,8.77,,,0.38,0.03,13.06,0.1,0.29,19.74,0.41,0.39
78597,101,38.54,8.85,,,0.39,0.04,12.39,0.11,0.29,19.67,0.43,0.32
71136,101,40.3,10.21,,,0.37,0.03,11.12,0.06,0.28,18.44,0.4,0.28
74275,101,38.43,8.72,,,0.35,0.07,12.7,0.06,0.26,18.14,0.42,0.65
74245,101,38.59,8.72,,,0.36,0.06,11.92,0.04,0.27,18.06,0.42,0.54
78506,101,38.55,8.99,,,0.39,0.05,12.93,0.02,0.27,19.36,0.44,0.51
77535,101,38.57,8.95,,,0.39,0.05,12.39,0.04,0.27,18.53,0.44,0.43
70185,101,40.18,9.04,,,0.39,0.04,11.52,0.02,0.26,17.64,0.43,0.4
78135,101,37.98,8.38,,,0.36,0.05,12.89,0.04,0.27,19.05,0.41,0.45
71567,101,38.06,8.59,,,0.38,0.03,12.98,0.02,0.28,19.4,0.41,0.43
71566,101,39.27,9.22,,,0.4,0.03,12.01,0.03,0.27,18.732,0.43,0.38
72155,101,38.67,8.64,,,0.4,0.07,12.32,0.05,0.28,18.77,0.47,0.43
74235,101,38.62,8.61,,,0.4,0.07,12.17,0.05,0.28,19.31,0.47,0.51
75055,101,39.93,9.58,,,0.42,0.06,11.41,0.06,0.27,17.77,0.48,0.31
75055,101,41.27,9.75,,,0.44,0.09,10.17,0.07,0.29,18.24,0.53,0.29
70215,101,37.19,8.67,,,0.32,0.04,13.14,0.09,0.28,19.62,0.36,0.28
70215,101,38.46,9.01,,,0.42,0.05,12.48,0.1,0.29,19.4,0.47,0.39
76537,101,38.25,8.69,,,0.4,0.05,13.05,0.11,0.29,19.6,0.45,0.37
76539,101,38.21,8.8,,,0.39,0.06,12.65,0.1,0.29,19.42,0.45,0.34
71135,101,39.71,10.1,,,0.38,0.05,10.74,0.06,0.28,18.57,0.43,0.31
70275,101,39.37,10.23,,,0.38,0.06,11.9,0.08,0.28,18.61,0.44,0.26
74255,101,37.96,8.55,,,0.36,0.08,12.17,0.05,0.27,18.11,0.44,0.58
70017,101,38.07,8.79,,,0.4,0.04,13.1,0.05,0.27,18.07,0.44,
70035,101,37.84,8.85,,,0.35,0.06,12.97,0.05,0.28,18.46,0.41,0.61
75075,101,37.64,8.2,,,0.4,0.05,13.45,0.05,0.28,18.78,0.45,0.57
79155,101,37.5,8.58,,,0.38,0.06,12.99,0.05,0.28,19.04,0.44,0.46
70135,101,37.85,7.34,,,0.34,0.09,13.34,0.07,0.29,19.68,0.43,0.55
70135,220,38.6,8.88,,,0.36,0.06,13.33,0.04,0.29,18.97,0.42,0.49
74235,220,39.42,9.21,,,0.37,0.08,12.39,0.05,0.27,18.55,0.45,0.47
74255,220,38.4,8.84,,,0.37,0.1,12.76,0.06,0.28,17.98,0.47,0.6
74275,220,38.44,8.93,,,0.33,0.09,12.75,0.06,0.27,18.03,0.42,0.65
75035,220,42.61,10.05,,,0.39,0.08,9.59,0.06,0.27,18.08,0.47,0.26
79155,220,39.13,9.4,,,0.36,0.08,12.56,0.04,0.27,18.19,0.44,0.5
70017,221,38.07,8.79,,,0.4,0.04,13.1,0.05,0.27,18.07,0.44,0.29
70215,221,38.46,9.01,,,0.42,0.05,12.48,0.1,0.29,19.4,0.47,0.39
75075,221,37.64,8.2,,,0.4,0.05,13.45,0.05,0.28,18.78,0.45,0.57
75055,179,41.27,9.75,,,0.44,0.09,10.17,0.07,0.29,18.24,0.53,0.27
70035,179,37.84,8.85,,,0.35,0.06,12.97,0.05,0.28,18.46,0.41,0.61
70215,179,37.19,8.67,,,0.32,0.04,13.14,0.09,0.28,19.62,0.36,0.42
70215,97,38.31,8.64,,,,,12.84,,,20.19,0,
70215,97,,,,,,,12.18,,,19.64,0,
70215,97,38.13,8.77,,,,,12.56,,,20.36,0,
71569,97,39.38,8.52,,,,,12.26,,,19.16,0,
71569,97,,,,,,,11.68,,,18.52,0,
71569,97,39.08,8.64,,,,,12.36,,,19.48,0,
72155,97,39.16,8.58,,,,,12.28,,,19.8,0,
72155,97,,,,,,,12.18,,,19.03,0,
72155,97,38.54,8.51,,,,,12.23,,,19.69,0,
75035,97,41.09,9.17,,,,,9.71,,,19.03,0,
75035,97,,,,,,,9.67,,,19.2,0,
75035,97,41.28,9.32,,,,,10.43,,,19.24,0,
79155,97,36.81,8.43,,,,,11.81,,,19.16,0,
79155,97,,,,,,,14.41,,,20.83,0,
79155,97,39.93,9.19,,,,,11.79,,,19.01,0,
70009,224,48.4,12.7,,,0.16,0.03,0.73,,0.34,18,0.19,0.27
70007,233,50.7,10.8,,,0.1,,0.56,,0.3,16.4,0.1,0.47
70007,233,50.5,11.8,,,0.11,0.02,0.36,,0.32,16.2,0.13,0.35
70004,233,48.4,12.7,,,0.16,0.03,0.73,,0.34,18,0.19,0.27
78568,233,48.1,15.1,,,0.23,0.06,1,0.03,0.26,14.4,0.29,0.32
72235,233,45.2,13.8,,,0.19,0.1,0.53,0.03,0.2,15.1,0.29,15.1
72235,233,45.5,15.3,,,0.17,0.11,0.26,0.03,0.23,13.1,0.28,13.1
72235,233,46.7,11.8,,,0.2,0.26,0.38,0.02,0.28,15.5,0.46,15.5
72235,233,46.5,10.9,,,0.15,0.1,0.7,,0.28,17.4,0.25,17.4
71509,245,,7.3,,,0.314,0.054,13.7,,,20.6,0.368,0.647
71175,245,,9.1,,,0.387,0.059,12.7,,,20.5,0.446,0.506
75088,245,,10.4,,,0.379,0.06,11.9,,,20.4,0.439,0.31
71136,245,,10.9,,,0.374,0.05,11.1,,,19.3,0.424,0.296
75089,245,,8.7,,,0.394,0.065,13.2,,,20.6,0.459,0.531
78595,245,,9,,,0.387,0.063,12.8,,,19.9,0.45,0.443
75115,245,,8.9,,,0.386,0.069,12.6,,,20.9,0.455,0.444
78505,245,,10.6,,,0.458,0.07,12,,,18.6,0.528,0.436
74245,245,,8.7,,,0.355,0.085,11.9,,,18.4,0.44,0.523
70255,245,,9.1,,,0.387,0.077,11.3,,,20.3,0.464,0.376
70185,245,,10.2,,,0.433,0.093,9.6,,,18.9,0.526,0.353
75015,245,,9.9,,,0.47,0.104,8.7,,,21.2,0.574,0.162
70215,246,38.71,7.9,,,0.31,0.01,12.59,,0.27,17.96,0.32,0.48
71055,246,37.17,8.52,,,0.4,0.04,13.56,,0.29,20.13,0.44,0.45
74255,246,38.71,9.02,,,0.39,0.05,12.58,,0.23,17.56,0.44,0.63
75055,246,41.51,10.28,,,0.58,0.07,10.48,,0.25,17.86,0.65,0.39
70017,264,38.52,9.07,11.94,10.35,0.4,,12.34,,0.23,18.13,0.4044,
70215,264,38.09,8.51,11.94,10.77,1.08,,12.84,,0.26,20.7,1.0784,
70215,264,37.02,8.69,9.12,10.63,0.43,,12.68,,0.25,19.16,0.43136,
71055,264,37.45,8.32,10.45,9.51,0.44,,11.34,,0.26,19.42,0.44484,
74275,264,38.31,8.51,10.45,10.35,0.38,,12.34,,0.25,18.26,0.37744,
74275,264,39.59,9.07,10.11,10.07,0.39,,12.01,,0.25,18.13,0.39092,
75035,264,40.87,8.69,7.46,12.87,0.44,,15.35,,0.25,18.39,0.44484,
70017,174,38.8,9.73,4.41,10.04,0.43,0.036,12.44,0.048,0.232,17.6,0.466,0.45
70017,265,38.8,8.54,10.16,10.56,0.33,0.07,12.84,0.04,0.24,18.12,0.4,0.49
70017,265,38.68,7.4,10.45,10.05,0.34,0.07,13.75,0.04,0.25,18.77,0.41,0.49
70215,265,37.62,8.79,9.34,10.82,0.31,0.08,13.2,0.07,0.27,19.22,0.39,0.41
71055,265,38.14,8.62,9.04,10.77,0.31,0.06,13.41,0.08,0.26,19.2,0.37,0.41
75075,265,38.51,8.29,9.68,10.17,0.37,0.11,13.33,0.12,0.25,18.85,0.48,0.55
70135,58,37.68,7.53,10,9.8,0.4,0.051,13.83,0.077,0.26,19.74,0.451,0.636
75035,58,42.31,10.3,6.28,12.15,0.53,0.061,8.95,0.084,0.262,18.57,0.591,0.207
72275,291,50.1,14.1,8.5,7.8,0.38,0.37,0.83,0.29,0.21,11.5,0.75,0.36
72275,291,49.4,18.1,4.2,12.6,0.56,0.32,0.92,0.53,0.17,8.5,0.88,0.36
70007,65,,7.2,21,6.3,0.218,0.023,0.8,,0.253,22.5,0.241,0.755
70005,65,,16.3,8,12.9,0.384,0.073,2.1,,0.201,14.2,0.457,0.272
73255,316,43.6,14.2,11,11.5,0.23,,2.1,,0.26,16.6,0.23,0.51
73255,316,46.1,13.8,9.5,11,0.26,,1.54,,0.26,17.1,0.26,0.46
73255,316,52.9,14.2,10.1,10,0.18,,0.34,,0.23,15.4,0.18,0.72
71559,323,,10.3,6.3,12.2,0.48,0.068,8.3,,0.226,17.8,0.548,0.228
78598,323,,10,5.2,11.5,44,0.075,8.9,,0.246,18.5,44.075,0.2
71567,323,,9.3,7.5,10.3,0.4,0.065,11.4,,0.23,18,0.465,0.38
78569,323,,8.7,7.8,10.6,0.4,0.075,12.3,,0.239,19.3,0.475,0.4
71569,323,,8.5,9.2,9.6,0.37,0.065,13.2,,0.22,17.9,0.435,0.42
71577,323,,8.8,8.3,10.4,0.44,0.07,12.8,,0.256,20.5,0.51,0.46
71578,323,,8.4,8.1,9.5,0.42,0.07,11.7,,0.24,18.6,0.49,0.42
77535,323,,8.6,8.7,9.8,0.36,0.066,12.1,,0.239,19.5,0.426,0.485
78578,323,,9,8.2,10,0.4,0.07,11.2,,0.23,18.6,0.47,0.42
71566,323,,9.4,8.2,11,0.44,0.046,11.5,,0.232,18.4,0.486,0.39
77516,323,,7.8,9.4,9.4,0.33,0.04,13.7,,0.245,20.2,0.37,0.48
71587,323,,8.7,7.6,10.3,0.39,0.05,12.7,,0.24,19.2,0.44,0.405
71588,323,,8.4,8,10.1,0.35,0.04,12,,0.244,19.9,0.39,0.419
78597,323,,9,7.1,10.7,0.42,0.06,11.8,,0.24,18,0.48,0.348
71596,323,,9.2,7.8,10.3,0.38,0.044,11,,0.246,18.8,0.424,0.4
78586,323,,8.7,7.4,10.3,0.41,0.055,12.5,,0.246,19.4,0.465,0.37
73219,323,,10,7,11.2,0.33,0.04,12.4,,0.244,19.3,0.37,0.36
78575,323,,9,7.5,11,0.36,0.04,11.8,,0.216,17,0.4,0.46
72275,381,48,13.5,10,10.5,0.29,0.25,1.4,,0.156,15,0.54,0.46
72275,381,47,17.9,9.43,11.7,0.39,0.47,1.8,,0.104,10.3,0.86,0.46
76503,400,38.1,10,10.7,9.93,0.4,0.02,12.1,0.02,0.23,17.1,0.42,0.58
76503,400,39.8,12.3,9.62,10.5,0.49,0.02,11.1,0.02,0.21,15.8,0.51,0.49
76503,400,38.9,10.1,5.74,11.3,0.45,0.06,13.3,0.11,0.26,19.3,0.51,0.6
76503,400,41.6,13.1,8.37,11.8,0.51,0.1,8.13,0.06,0.22,15.2,0.61,0.42
76503,400,43.58,12,8.65,11.3,0.31,0.05,5.83,0.04,0.25,17.8,0.36,0.49
76503,400,48.4,15.5,8.43,13.8,0.4,0.79,0.68,0.05,0.18,10.5,1.19,0.4
76503,,2.14,1.89,1.658,1.399,1.348,1.205,1.668,2.292,1.291,1.286,2.553,1.462
76503,141,43.8,13.65,7.05,10.7,0.38,0.15,4.9,,,19.35,0.53,0.28
Luna 16 G23,235,45.17,16.98,4.02,13.32,0.69,0.17,2.9,,0.22,13.21,0.86,0.08
Luna 16 G23,235,43.36,15.13,4.97,12.77,0.7,0.17,4.37,,0.27,17.48,0.87,0.23
Luna 16 G23,235,44.2,16.45,4.3,12.65,0.69,0.21,2.48,,0.2,13.67,0.9,0.09
Luna 16-10B-09,236,45.5,13.95,5.95,11.96,0.63,0.21,4.04,0.15,0.26,17.77,0.84,
Luna 16 313-15,233,47.5,12.7,10.2,11.9,0.6,0.2,0.35,0.05,0.27,15.8,0.8,0.32
303,318,46.3,20.2,2.32,14.8,0.83,0.44,1.02,0.23,0.17,11.1,1.27,0.06
302,318,47.3,19,3.1,14.3,0.68,0.32,2.03,0.13,0.21,12.1,1,0.1
301,318,46.3,19.3,3.8,15,0.52,0.19,2.16,0.05,0.2,12.9,0.71,0.09
303,318,46.7,16,3.7,15.4,0.55,0.25,2.48,0.1,0.23,14.1,0.8,0.16
312,318,44.6,16.5,4.6,14.3,0.39,0.18,3.5,0.02,0.23,15.3,0.57,0.16
312,318,43.2,14.3,4.9,13.4,0.47,0.21,4.8,0.06,0.27,16.4,0.68,0.21
301,318,44.1,14.5,5.2,14.2,0.5,0.24,3.7,0.05,0.26,16.6,0.74,0.14
303,318,45.6,14.2,5.2,13.3,0.34,0.24,3.5,0.11,0.25,17.3,0.58,0.21
312,318,43.7,12.1,6.3,12.2,0.45,0.24,4.8,0.1,0.3,18.8,0.69,0.16
301,318,42.6,19.4,4.1,12.2,0.56,0.29,1.05,0.07,0.22,18.7,0.85,0.05
301,318,41.3,11.5,12,9.3,0.39,0.17,1.93,0.05,0.28,21.6,0.56,0.45
21003,304,,13.4,7,11.9,0.513,0.18,5,,0.252,18,0.693,0.238
21013,304,,13.3,6,11.9,0.51,0.2,5.3,,0.26,18.6,0.71,0.217
21013,304,,13.3,6,11.7,0.554,0.21,5.1,,0.261,19.1,0.764,0.205
21036,336,46.5,13.9,11,11.6,0.03,,0.95,,0.3,14,0.03,0.39
21036,336,42.9,14.7,14.5,11.8,,,1.37,,0.22,13.5,0,0.29
21036,336,34.6,19.6,12.2,15.1,,,2.7,,0.18,14.4,0,0.19
21036,336,40,16.7,10.2,12.7,0.04,,3,,0.24,16,0.04,0.25
21036,336,36.5,19,11.1,13.9,,,3.43,,0.22,14.5,0,0.23
21036,336,43.1,16.1,9.65,11.8,0.17,,3.44,,0.21,15.2,0.17,0.26
21036,336,43.9,14.9,8.51,11.9,0.25,0.08,3.59,,0.23,15.1,0.33,0.31
21036,336,38.8,17.1,9.56,13.6,,,3.81,,0.24,15.5,0,0.2
21036,336,37.9,17,10.5,12.7,,,4.27,,0.22,16.4,0,0.22
21036,336,47.9,8.64,12.6,9.27,0.37,,0.77,,0.26,18.3,0.37,0.77
21036,336,45.7,10.8,11.9,10.4,0.31,0.03,1.64,,0.25,17.9,0.34,0.45
21036,336,46.4,9.84,12,9.7,0.15,0.03,2.29,,0.3,17.3,0.18,0.37
21036,336,43.3,10.1,9.17,10.3,0.16,0.04,5.58,,0.3,19.3,0.2,0.22
21036,336,39.1,9.33,9.61,9.96,0.26,0.12,8.87,,0.24,20.4,0.38,0.41
SAO 504,392,49,20.5,9,10,0.7,0.5,1.3,,,9,1.2,
L2010,393,46.1,10.4,10.5,12.9,0.5,,3.7,,,15.5,0.5,0.4
L2010,393,47.4,11,9,12.4,0.7,,2.2,,0.3,14.4,0.7,0.3
L2010,394,,,,13.29,,,,,,5.02,0,
L2010,394,,,,13.85,,,,,,5.92,0,
L2010,395,46.6,19.5,10.9,12.6,0.42,0.14,0.64,0.11,0.12,8.6,0.56,0.2
24109,222,,11.6,7,12.3,0.29,,1.3,,0.258,22.4,0.29,0.381
24077,222,,12.8,8,13.5,0.24,,1.1,,0.247,21.1,0.24,0.24
24109,222,,11.1,7,11.5,0.25,,1.1,,0.229,20.8,0.25,0.246
24109,222,,11.4,8,11.7,0.24,,1.3,,0.246,20.9,0.24,0.216
24149,222,,14.2,6,11.7,0.55,,2.3,,0.246,15.8,0.55,0.089
24174,223,44.2,7.7,18.2,7,0.15,0.05,0.62,0.03,0.43,21.6,0.2,0.53
24174,223,45.4,8.9,15.4,8.9,0.2,0.05,0.66,,0.37,19.2,0.25,0.21
24174,223,46.5,13.3,7.2,13.1,0.3,0.04,0.67,0.02,0.29,17.2,0.34,0.3
24174,223,46.4,13.7,6.5,13.3,0.28,0.04,0.79,,0.3,18.5,0.32,0.2
24174,223,47.9,12.3,7.1,13.7,0.23,0.01,0.71,,,17.9,0.24,0.2
24174,223,43.1,6.9,20.8,6.9,0.12,0.03,0.15,,0.25,20.1,0.15,0.65
24174,223,44.2,7.7,18.2,7,0.15,0.05,0.62,0.03,0.43,21.6,0.2,0.53
Luna 16,224,47.5,12.7,10.2,11.9,0.6,0.2,0.35,0.05,0.27,15.8,0.8,0.32
Avg. VLT Basalt,225,46.5,12.5,6.5,13.5,0.35,0.05,1,,0.25,18,0.4,0.2
24149,225,45,6.2,16.9,7.9,0.02,0.07,1.44,0.02,0.25,19,0.09,0.56
24174,225,44.5,9.6,15.5,8.9,0.24,0.01,0.7,0.02,0.32,19.1,0.25,0.63
24077,227,46,10.1,10.5,10.8,0.21,0.016,0.75,,0.26,22.4,0.226,0.424
24077,227,46,12.5,7.1,12.2,0.26,0.014,0.98,,0.278,21.5,0.274,0.296
24077,227,,12.8,8,13.5,0.24,,1.1,,0.247,21.1,0.24,0.24
24174,227,46,12.1,6,11.6,0.265,0.022,1.1,,0.28,22.1,0.287,0.3
24077,229,,,,,0.29,,,,,22.1,0.29,0.42
24077,229,,,,,0.63,,,,,0.77,0.63,0.018
24174,229,,,,,0.38,,,,,16.6,0.38,0.2
24170,230,43.9,19,5.2,14,0.5,0.06,0.74,,0.19,16.6,0.56,0.3
24143,230,45.3,12.4,7.5,12.2,0.37,0.03,1.16,,0.27,20.3,0.4,0.23
24067,230,45.5,13.9,6.3,13.3,0.37,0.02,0.96,0.02,0.24,18.4,0.39,0.13
24067,230,47.3,26.8,1.03,17.1,0.66,0.04,0.37,,0.11,6.99,0.7,
24067,230,47.6,9.94,13,12.2,0.21,0.03,0.2,,0.25,14.7,0.24,1.12
24067,230,41.09,10.35,11.59,8.64,0.29,0.02,0.58,,0.38,24.87,0.31,1.46
24067,230,47.1,12.8,7.16,12.9,0.3,0.04,1.27,,0.25,17.6,0.34,0.27
24067,230,44.8,11.1,10.4,9.94,0.32,0.18,0.82,,0.29,21.9,0.5,0.41
24109,231,45.2,13.8,6.35,12.7,0.24,0.01,0.89,,0.27,20.5,0.25,0.19
24077,231,46.2,13.9,7.77,13.2,0.2,,0.83,,0.3,17.5,0.2,0.3
24109,231,46.7,12.2,7.09,11.1,0.29,0.02,0.65,,0.34,21.7,0.31,0.23
24109,231,46.8,13.5,6.71,11.8,0.25,0.01,1,,0.23,20.4,0.26,0.29
24077,232,,,,,0.63,,,,,0.77,0.63,0.018
24174,232,,,,,0.38,,,,,16.6,0.38,0.2
24174,234,47.3,13.8,5.84,13.8,0.41,,0.39,,0.27,16.2,0.41,0.13
24174,234,47,14.9,5.57,14.9,0.38,,0.36,,0.25,16.2,0.38,0.1
24109,234,45.7,13.4,5.97,13.4,0.31,,0.38,,0.26,18.4,0.31,0.14
24109,234,47.1,16.3,5.03,16.3,0.37,,0.53,,0.2,14.9,0.37,0.17
24109,234,46.3,13.9,5.62,13.9,0.44,,0.68,,0.25,17.3,0.44,0.22
24210,234,46.5,18,4.66,18,0.41,,0.38,,0.2,13.1,0.41,0.14
24077,239,,13.4,10,12.7,0.3,,1,,0.251,17.6,0.3,0.316
24077,239,,12.8,8,13.5,0.24,,1.1,,0.247,21.1,0.24,0.24
24109,239,,11.1,7,11.5,0.25,,1.1,,0.229,20.8,0.25,0.246
24109,239,,11.6,7,12.3,0.29,,1.3,,0.258,22.4,0.29,0.381
24149,239,,11.4,8,11.7,0.24,,1.3,,0.246,20.9,0.24,0.216
24149,239,,11.9,10,11.1,0.26,,1.1,,0.225,19.5,0.26,0.32
24149,239,,14.2,6,11.7,0.55,,2.3,,0.246,15.8,0.55,0.089
24174,239,,17.2,5,13.4,0.38,,0.7,,0.208,17.7,0.38,0.067
24182,241,43.5,34.4,0.5,19.2,0.693,0.013,0.14,,0.015,1,0.706,0.0094
Avg Luna 24 basalt,233,46.7,14,6.6,13.2,0.31,0.04,0.69,0.02,0.28,17.1,0.35,0.28
Avg VLT,321,46.5,12.5,6.5,13.5,0.35,,1,,0.25,18,0.35,0.15
"A6, A13, B12, B33",319,47,10.5,7.3,13.9,0.24,0.03,0.96,0.03,0.27,20.1,0.27,0.18
All ,319,46.1,13.1,6.7,13,0.3,0.03,0.85,0.02,0.28,18.5,0.33,0.24
B31,319,42.6,9.6,10.1,12.32,0.21,0.04,0.67,0.05,0.26,21.2,0.25,0.56
B26,319,43.5,23.4,4.5,15.6,0.25,0.06,0.4,0.04,0.12,23.4,0.31,0.12
A20,319,45.3,18.6,7.4,15.6,0.25,0.06,0.54,0.04,0.17,18.6,0.31,0.28
B6,319,46.1,15.2,8.6,12.2,0.24,0.07,0.56,0.04,0.2,15.2,0.31,0.19
24109,327,46.6,12.9,6.3,13.3,0.31,0.04,0.86,0.04,0.2,17.4,0.35,0.15
24109,327,48.3,12,6.8,12.7,0.4,0.04,1.06,0.02,0.25,18.1,0.44,0.35
24109,327,44.6,12.7,6.5,13.7,0.29,0.03,0.8,,0.26,17.8,0.32,0.15
24149,327,46.1,11.9,6.2,12.8,0.02,0.04,1.14,0.02,0.24,17.4,0.06,0.08
24077,327,42.8,16.4,6.2,15.3,0.41,0.06,0.3,0.01,0.24,15.3,0.47,0.09
24077,327,43.8,12.7,8,13.5,0.36,0.05,0.35,0.02,0.3,20.3,0.41,0.13
24077,327,44.25,11.6,7.6,12.7,0.36,0.04,0.09,0.05,0.3,20.5,0.4,0.2
24109,327,46,15.8,5.8,13.9,0.3,0.03,0.84,0.04,0.15,15.5,0.33,0.21
24109,327,46.4,15.8,5.8,13.9,0.34,0.03,0.28,,0.17,16.3,0.37,0.07
24182,327,47.8,14.8,5.9,13.9,0.32,0.03,0.31,0.03,0.25,15.8,0.35,0.04
24149,327,45,6.2,16.9,7.9,0.02,0.07,1.44,0.02,0.25,19,0.09,0.56
24088/24105,334,47.4,17.8,12.9,12.1,0.24,,0.12,,0.32,7.04,0.24,0.34
24088/24105,334,46.1,13.3,9.75,11,0.29,,0.25,,0.23,18.4,0.29,0.36
24105,334,47.7,7.13,3.65,9.5,0.52,0.04,0.45,,0.45,29.9,0.56,0.03
24182,341,46.82,12.58,6.65,12.49,0.1,0.02,1,,0.24,20.46,0.12,0.16
24109,341,45.2,13.8,6.35,12.7,0.24,0.01,0.89,,0.27,20.5,0.25,0.19
24077,342,44.64,14.34,5.4,11.27,0.41,,1.62,,,20.18,0.41,0.31
24174,342,45.6,12.17,5.59,12.04,0.36,,0.75,,,20.77,0.36,0.12
24109,342,45.9,14.4,5.65,12.99,0.43,,0.94,,,16.92,0.43,0.31
24210,342,46.5,17.96,4.66,15.36,0.41,,0.38,,,13.09,0.41,0.14
24109,342,46.56,10.24,9.04,11.08,0.14,,0.55,,,18.46,0.14,0.35
24109,342,45.67,13.44,5.97,13.21,0.31,,0.38,,,18.4,0.31,0.14
24109,342,45.08,8.01,13.36,9.65,0.07,,0.45,,,19,0.07,0.54
24109,342,45.57,10.4,13.83,9.7,0.24,,0.66,,,17.64,0.24,0.64
24077,386,46.2,13.9,7.77,13.2,0.2,,0.83,,0.3,17.5,0.2,0.3
24109,386,45.2,13.8,6.35,12.7,0.24,0.01,0.89,,0.27,20.5,0.25,0.19